-- phpMyAdmin SQL Dump
-- version 5.1.1
-- https://www.phpmyadmin.net/
--
-- Host: 127.0.0.1
-- Generation Time: Sep 24, 2025 at 03:57 AM
-- Server version: 10.4.22-MariaDB
-- PHP Version: 7.4.27

SET SQL_MODE = "NO_AUTO_VALUE_ON_ZERO";
START TRANSACTION;
SET time_zone = "+00:00";


/*!40101 SET @OLD_CHARACTER_SET_CLIENT=@@CHARACTER_SET_CLIENT */;
/*!40101 SET @OLD_CHARACTER_SET_RESULTS=@@CHARACTER_SET_RESULTS */;
/*!40101 SET @OLD_COLLATION_CONNECTION=@@COLLATION_CONNECTION */;
/*!40101 SET NAMES utf8mb4 */;

--
-- Database: `asset_nmd_gemini`
--

-- --------------------------------------------------------

--
-- Table structure for table `admin`
--

CREATE TABLE `admin` (
  `id` varchar(191) COLLATE utf8mb4_unicode_ci NOT NULL,
  `username` varchar(191) COLLATE utf8mb4_unicode_ci NOT NULL,
  `password` varchar(191) COLLATE utf8mb4_unicode_ci NOT NULL,
  `createdAt` datetime(3) NOT NULL DEFAULT current_timestamp(3),
  `updatedAt` datetime(3) NOT NULL
) ENGINE=InnoDB DEFAULT CHARSET=utf8mb4 COLLATE=utf8mb4_unicode_ci;

--
-- Dumping data for table `admin`
--

INSERT INTO `admin` (`id`, `username`, `password`, `createdAt`, `updatedAt`) VALUES
('cmewison40000fzbkfpv4ujr6', 'admin1', '$2b$10$f6B.j/9.gTRC1t15.N2aHeAPU/bL655d2AVBUSrL1jV19rnzC.e8m', '2025-08-29 07:37:31.838', '2025-08-29 07:37:31.838');

-- --------------------------------------------------------

--
-- Table structure for table `department`
--

CREATE TABLE `department` (
  `id` varchar(191) COLLATE utf8mb4_unicode_ci NOT NULL,
  `name` varchar(191) COLLATE utf8mb4_unicode_ci NOT NULL,
  `specialIpRanges` varchar(191) COLLATE utf8mb4_unicode_ci DEFAULT NULL
) ENGINE=InnoDB DEFAULT CHARSET=utf8mb4 COLLATE=utf8mb4_unicode_ci;

--
-- Dumping data for table `department`
--

INSERT INTO `department` (`id`, `name`, `specialIpRanges`) VALUES
('cmewisono0001fzbkdztbavws', 'ผู้บังคับบัญชา', NULL),
('cmewisvp3000ifzmgb0cp2mse', 'ฝ่ายอำนวยการ', NULL),
('cmewisvps0013fzmgf6fq03xh', 'แผนกธุรการ', NULL),
('cmewisvq5001cfzmg1kv46opj', 'กพ.', NULL),
('cmewisvqh001lfzmgbgkdcicl', 'กผ.', NULL),
('cmewisvqs001ufzmg6ijwm8hd', 'กคป.', NULL),
('cmewisvr20023fzmgn1b6l1bn', 'กบ.', NULL),
('cmewisvrg002efzmguper9j4c', 'กพร.', NULL),
('cmewisvrn002hfzmgzry8ikaw', 'กกง.', NULL),
('cmewisvs2002ufzmgfr6ufw4b', 'กสส.', NULL),
('cmewisvse0035fzmgr2dlzpdv', 'กวส.', NULL),
('cmewisvsr003gfzmgylwgztcw', 'กกป.', NULL),
('cmewisvt4003rfzmgk01utczq', 'ห้องประชุม พร.', NULL),
('cmewisvtd003yfzmgsifhijnm', 'กวตบ.', '10.106.59.201-10.106.59.245'),
('cmewisvu0004ffzmg3spmxznc', 'กสพ.', '10.106.59.106-10.106.59.155'),
('cmewisvui004ufzmgv24jau2v', 'กวก.', '10.106.59.161-10.106.59.200'),
('cmewisvv6005bfzmgxgi5lbiy', 'วพร.', NULL),
('cmewisvvj005mfzmg7f4np7e4', 'โรงเรียนนาวิกเวชกิจ', '10.106.59.50-10.106.59.105'),
('cmewisvvw005xfzmgh2preqch', 'กสน.', NULL),
('cmewisvw90068fzmgrj6mo347', 'ศพส.', NULL),
('cmewisvwl006jfzmgq3k26qjo', 'สถาบันเวชศาสตร์ทางทะเล', NULL),
('cmewisvx7006wfzmge4ya111h', 'สลก.', NULL),
('cmewisvxc006zfzmgm6i1966d', 'สำนักงานพระธรรมนูญ', NULL),
('cmewisvxh0072fzmgibp3ejfq', 'สำนักงานจริยธรรมการวิจัย', NULL);

-- --------------------------------------------------------

--
-- Table structure for table `device`
--

CREATE TABLE `device` (
  `id` varchar(191) COLLATE utf8mb4_unicode_ci NOT NULL,
  `ipAddressId` varchar(191) COLLATE utf8mb4_unicode_ci NOT NULL,
  `departmentId` varchar(191) COLLATE utf8mb4_unicode_ci DEFAULT NULL,
  `divisionId` varchar(191) COLLATE utf8mb4_unicode_ci DEFAULT NULL,
  `deviceType` varchar(191) COLLATE utf8mb4_unicode_ci NOT NULL,
  `brand` varchar(191) COLLATE utf8mb4_unicode_ci NOT NULL,
  `model` varchar(191) COLLATE utf8mb4_unicode_ci DEFAULT NULL,
  `serviceTag` varchar(191) COLLATE utf8mb4_unicode_ci NOT NULL,
  `macAddress` varchar(191) COLLATE utf8mb4_unicode_ci DEFAULT NULL,
  `dateReceived` datetime(3) NOT NULL,
  `status` varchar(191) COLLATE utf8mb4_unicode_ci NOT NULL,
  `createdAt` datetime(3) NOT NULL DEFAULT current_timestamp(3),
  `updatedAt` datetime(3) NOT NULL,
  `notes` varchar(191) COLLATE utf8mb4_unicode_ci DEFAULT NULL,
  `colorSticker` varchar(191) COLLATE utf8mb4_unicode_ci DEFAULT NULL,
  `snMonitor` varchar(191) COLLATE utf8mb4_unicode_ci DEFAULT NULL,
  `snUps` varchar(191) COLLATE utf8mb4_unicode_ci DEFAULT NULL,
  `userId` varchar(191) COLLATE utf8mb4_unicode_ci DEFAULT NULL
) ENGINE=InnoDB DEFAULT CHARSET=utf8mb4 COLLATE=utf8mb4_unicode_ci;

--
-- Dumping data for table `device`
--

INSERT INTO `device` (`id`, `ipAddressId`, `departmentId`, `divisionId`, `deviceType`, `brand`, `model`, `serviceTag`, `macAddress`, `dateReceived`, `status`, `createdAt`, `updatedAt`, `notes`, `colorSticker`, `snMonitor`, `snUps`, `userId`) VALUES
('cmfqlmmcb0001fzhgj11clbj3', 'cmewisxzd010sfzmg3adqhk0q', 'cmewisvvj005mfzmg7f4np7e4', 'cmewisvvn005qfzmgumi92q1t', 'PC เช่า', 'dell', 'tytyt', '275B8T3', 'ytyty', '2025-07-10 00:00:00.000', 'Active', '2025-09-19 08:49:53.051', '2025-09-19 08:49:53.051', 'tyytytyt', 'แดง PC 191 เครื่อง', '2X41GJ3', '221104040540628', 'cmfqlmmcb0000fzhgh58erziw'),
('cmfqloqwn0002fzhgbrod54ta', 'cmewisxzf010tfzmgalygvgqm', 'cmewisvvj005mfzmg7f4np7e4', 'cmewisvvu005wfzmgqmma86ae', 'PC เช่า', 'dell', 'rtrtr', '135B8T3', 'trtrtrtr', '2025-06-10 00:00:00.000', 'Active', '2025-09-19 08:51:32.279', '2025-09-19 08:51:32.279', 'rtrtrt', 'แดง PC 191 เครื่อง', '1R31GJ3', '221104040540612', 'cmfqloqwn0003fzhgos7i5xxw');

-- --------------------------------------------------------

--
-- Table structure for table `division`
--

CREATE TABLE `division` (
  `id` varchar(191) COLLATE utf8mb4_unicode_ci NOT NULL,
  `name` varchar(191) COLLATE utf8mb4_unicode_ci NOT NULL,
  `departmentId` varchar(191) COLLATE utf8mb4_unicode_ci NOT NULL
) ENGINE=InnoDB DEFAULT CHARSET=utf8mb4 COLLATE=utf8mb4_unicode_ci;

--
-- Dumping data for table `division`
--

INSERT INTO `division` (`id`, `name`, `departmentId`) VALUES
('cmewisvrk002gfzmgkt85x2ez', 'กพร.', 'cmewisvrg002efzmguper9j4c'),
('cmewisvwi006ifzmgyx0jl5fg', 'กลุ่มงานติดตามและประเมินผลการพัฒนากำลังพล', 'cmewisvw90068fzmgrj6mo347'),
('cmewisvsw003kfzmgphnz79b1', 'กลุ่มงานธุรการ', 'cmewisvsr003gfzmgylwgztcw'),
('cmewisvwf006efzmgm9helnld', 'กลุ่มงานนโยบายและยุทธศาสตร์', 'cmewisvw90068fzmgrj6mo347'),
('cmewisvsy003mfzmgqnmh45x2', 'กลุ่มงานป้องกันและควบคุมโรค', 'cmewisvsr003gfzmgylwgztcw'),
('cmewisvwh006gfzmg9wox9ljb', 'กลุ่มงานพัฒนาคุณภาพองค์กร', 'cmewisvw90068fzmgrj6mo347'),
('cmewisvt2003qfzmgzc1g8cwl', 'กลุ่มงานสร้างเสริมสุขภาพ', 'cmewisvsr003gfzmgylwgztcw'),
('cmewisvt0003ofzmgvtz1syiq', 'กลุ่มงานอาชีวอนามัยและสิ่งแวดล้อม', 'cmewisvsr003gfzmgylwgztcw'),
('cmewisvvd005hfzmgz23kjwk2', 'กองการศึกษา', 'cmewisvv6005bfzmgxgi5lbiy'),
('cmewisvva005ffzmgpxroce10', 'กองบังคับการ', 'cmewisvv6005bfzmgxgi5lbiy'),
('cmewisvwd006cfzmgl66h2zo2', 'งานธุรการ', 'cmewisvw90068fzmgrj6mo347'),
('cmewisvpz0019fzmgh41z6bnf', 'งานสารบรรณ', 'cmewisvps0013fzmgf6fq03xh'),
('cmewisvth0042fzmgbdnkyzfr', 'งานอำนวยการ', 'cmewisvtd003yfzmgsifhijnm'),
('cmewisvq1001bfzmg5rkfqipm', 'งานเอกสารลับ', 'cmewisvps0013fzmgf6fq03xh'),
('cmewisvp1000hfzmgkpp1da2e', 'ที่ปรึกษา พร.', 'cmewisono0001fzbkdztbavws'),
('cmewisvor0009fzmg6zgz74ig', 'ที่ปรึกษา เจ้ากรมแพทย์ทหารเรือ', 'cmewisono0001fzbkdztbavws'),
('cmewisvrr002lfzmgt7s1vtze', 'ประจำ กกง.', 'cmewisvrn002hfzmgzry8ikaw'),
('cmewisvqt001wfzmgim3nfhzw', 'ประจำ กคป.', 'cmewisvqs001ufzmg6ijwm8hd'),
('cmewisvr40025fzmg2o0xfewr', 'ประจำ กบ.', 'cmewisvr20023fzmgn1b6l1bn'),
('cmewisvqj001nfzmgp22y9zla', 'ประจำ กผ.', 'cmewisvqh001lfzmgbgkdcicl'),
('cmewisvpq0012fzmglalbh5hi', 'ประจำ ฝ่ายอำนวยการ', 'cmewisvp3000ifzmgb0cp2mse'),
('cmewisvs6002yfzmgj2jylppi', 'ประจำกอง', 'cmewisvs2002ufzmgfr6ufw4b'),
('cmewisvpx0017fzmg4w352c14', 'ประจำธุรการ', 'cmewisvps0013fzmgf6fq03xh'),
('cmewisvrp002jfzmgx6qu58tk', 'ผู้บังคับบัญชา', 'cmewisvrn002hfzmgzry8ikaw'),
('cmewisvs4002wfzmgcso6u4im', 'ผู้บังคับบัญชา', 'cmewisvs2002ufzmgfr6ufw4b'),
('cmewisvsh0037fzmgt49afpjo', 'ผู้บังคับบัญชา', 'cmewisvse0035fzmgr2dlzpdv'),
('cmewisvst003ifzmgeidj1pxo', 'ผู้บังคับบัญชา', 'cmewisvsr003gfzmgylwgztcw'),
('cmewisvtf0040fzmgne7okrj5', 'ผู้บังคับบัญชา', 'cmewisvtd003yfzmgsifhijnm'),
('cmewisvu2004hfzmgcg0gs95o', 'ผู้บังคับบัญชา', 'cmewisvu0004ffzmg3spmxznc'),
('cmewisvuk004wfzmgtass5doh', 'ผู้บังคับบัญชา', 'cmewisvui004ufzmgv24jau2v'),
('cmewisvv8005dfzmgaf6sh2i3', 'ผู้บังคับบัญชา', 'cmewisvv6005bfzmgxgi5lbiy'),
('cmewisvvl005ofzmgemh61nt2', 'ผู้บังคับบัญชา', 'cmewisvvj005mfzmg7f4np7e4'),
('cmewisvvy005zfzmgghg39iug', 'ผู้บังคับบัญชา', 'cmewisvvw005xfzmgh2preqch'),
('cmewisvwb006afzmgabblaylu', 'ผู้บังคับบัญชา', 'cmewisvw90068fzmgrj6mo347'),
('cmewisvwn006lfzmgb08z82td', 'ผู้บังคับบัญชา', 'cmewisvwl006jfzmgq3k26qjo'),
('cmewisvvf005jfzmgwjw1so7j', 'ฝ่ายปกครอง', 'cmewisvv6005bfzmgxgi5lbiy'),
('cmewisvvh005lfzmgddyukya1', 'ฝ่ายแผนและวิจัย', 'cmewisvv6005bfzmgxgi5lbiy'),
('cmewisvpj000wfzmg6ztt5wle', 'รอง หน.กคป.', 'cmewisvp3000ifzmgb0cp2mse'),
('cmewisvpo0010fzmgrndpffil', 'รอง หน.กบ.', 'cmewisvp3000ifzmgb0cp2mse'),
('cmewisvpg000sfzmgxeegtelu', 'รอง หน.กผ.', 'cmewisvp3000ifzmgb0cp2mse'),
('cmewisvpb000ofzmg08qmtob1', 'รอง หน.กพ.', 'cmewisvp3000ifzmgb0cp2mse'),
('cmewisvoj0005fzmge934duv2', 'รองเจ้ากรมแพทย์ทหารเรือ 1', 'cmewisono0001fzbkdztbavws'),
('cmewisvon0007fzmgs9f104ph', 'รองเจ้ากรมแพทย์ทหารเรือ 2', 'cmewisono0001fzbkdztbavws'),
('cmewisvxa006yfzmgki7dpc9h', 'สลก.', 'cmewisvx7006wfzmge4ya111h'),
('cmewisvpv0015fzmg4aq8xz8f', 'ส่วนบังคับการ', 'cmewisvps0013fzmgf6fq03xh'),
('cmewisvqm001pfzmgq7uakzre', 'ส่วนบังคับการ', 'cmewisvqh001lfzmgbgkdcicl'),
('cmewisvr60027fzmgyy41tvio', 'ส่วนบังคับการ', 'cmewisvr20023fzmgn1b6l1bn'),
('cmewisvxk0074fzmghimpbww9', 'สำนักงานจริยธรรมการวิจัย', 'cmewisvxh0072fzmgibp3ejfq'),
('cmewisvx4006vfzmgis0kaleg', 'สำนักงานติดตามวัดวิเคราะห์และประเมินผล', 'cmewisvwl006jfzmgq3k26qjo'),
('cmewisvwx006rfzmghi61cqr7', 'สำนักงานบริการสุขภาพทางทะเล', 'cmewisvwl006jfzmgq3k26qjo'),
('cmewisvx0006tfzmgocs8fvkp', 'สำนักงานฝึกอบรมเวชศาสตร์ทางทะเล', 'cmewisvwl006jfzmgq3k26qjo'),
('cmewisvxe0071fzmg9zxuseh7', 'สำนักงานพระธรรมนูญ', 'cmewisvxc006zfzmgm6i1966d'),
('cmewisvwt006pfzmgh5qr30zz', 'สำนักงานมาตรฐานสุขภาพ อาชีวอนามัยและสิ่งแวดล้อมทางทะเล', 'cmewisvwl006jfzmgq3k26qjo'),
('cmewisvwq006nfzmgjek26dvs', 'สำนักงานอำนวยการ', 'cmewisvwl006jfzmgq3k26qjo'),
('cmewisvpi000ufzmg8462433x', 'หน.กคป.', 'cmewisvp3000ifzmgb0cp2mse'),
('cmewisvpm000yfzmgdtfpmoey', 'หน.กบ.', 'cmewisvp3000ifzmgb0cp2mse'),
('cmewisvpd000qfzmgje195pl4', 'หน.กผ.', 'cmewisvp3000ifzmgb0cp2mse'),
('cmewisvp9000mfzmgec2lndhe', 'หน.กพ.', 'cmewisvp3000ifzmgb0cp2mse'),
('cmewisvp6000kfzmgv0agstu2', 'หน.ฝ่ายอำนวยการ', 'cmewisvp3000ifzmgb0cp2mse'),
('cmewisvov000dfzmgdu3z979p', 'หน้าห้อง รองเจ้ากรมแพทย์ทหารเรือ 1', 'cmewisono0001fzbkdztbavws'),
('cmewisvoy000ffzmg94ag96ke', 'หน้าห้อง รองเจ้ากรมแพทย์ทหารเรือ 2', 'cmewisono0001fzbkdztbavws'),
('cmewisvot000bfzmg1qpcd09r', 'หน้าห้อง เจ้ากรมแพทย์ทหารเรือ', 'cmewisono0001fzbkdztbavws'),
('cmewisvw60067fzmgk1uxmvpv', 'หมวดบริการ', 'cmewisvvw005xfzmgh2preqch'),
('cmewisvt6003tfzmgwy0gsyna', 'ห้องประชุม พร.1', 'cmewisvt4003rfzmgk01utczq'),
('cmewisvt8003vfzmgjkqzf19t', 'ห้องประชุม พร.2', 'cmewisvt4003rfzmgk01utczq'),
('cmewisvtb003xfzmgjfk75u0l', 'ห้องประชุม พร.3', 'cmewisvt4003rfzmgk01utczq'),
('cmewisvoe0003fzmgmtouyw9p', 'เจ้ากรมแพทย์ทหารเรือ', 'cmewisono0001fzbkdztbavws'),
('cmewisvsm003dfzmgpeh2ysgq', 'แผนกกรรมวิธีข้อมูลและสถิติทางการแพทย์', 'cmewisvse0035fzmgr2dlzpdv'),
('cmewisvso003ffzmgc71i6f2u', 'แผนกข่าวสารสื่อประชาสัมพันธ์กิจการสายแพทย์', 'cmewisvse0035fzmgr2dlzpdv'),
('cmewisvu9004nfzmgdtlpr1b1', 'แผนกคลัง', 'cmewisvu0004ffzmg3spmxznc'),
('cmewisvrv002pfzmgex749gzp', 'แผนกควบคุมการเบิกจ่าย', 'cmewisvrn002hfzmgzry8ikaw'),
('cmewisvub004pfzmg6drt33q5', 'แผนกควบคุมทะเบียนทรัพย์สิน', 'cmewisvu0004ffzmg3spmxznc'),
('cmewisvtu004cfzmgo9jawsko', 'แผนกควบคุมสมรรถนะสุขภาพ', 'cmewisvtd003yfzmgsifhijnm'),
('cmewisvs80030fzmgzbjwy1sj', 'แผนกจัดการ', 'cmewisvs2002ufzmgfr6ufw4b'),
('cmewisvqa001gfzmgv3k6fox4', 'แผนกจัดการกำลังพล', 'cmewisvq5001cfzmg1kv46opj'),
('cmewisvrd002dfzmgl1vu63oo', 'แผนกจัดซื้อจัดจ้าง', 'cmewisvr20023fzmgn1b6l1bn'),
('cmewisvu7004lfzmg61burxq4', 'แผนกจัดหา', 'cmewisvu0004ffzmg3spmxznc'),
('cmewisvw40065fzmgwlgwvxcp', 'แผนกซ่อมบำรุงสิ่งอุปกรณ์ทางการแพทย์', 'cmewisvvw005xfzmgh2preqch'),
('cmewisvq8001efzmg1uq9bpb4', 'แผนกธุรการ', 'cmewisvq5001cfzmg1kv46opj'),
('cmewisvqv001yfzmgdz9vv4wq', 'แผนกธุรการ', 'cmewisvqs001ufzmg6ijwm8hd'),
('cmewisvsi0039fzmgista9b2j', 'แผนกธุรการ', 'cmewisvse0035fzmgr2dlzpdv'),
('cmewisvu5004jfzmgkm20o0pc', 'แผนกธุรการ', 'cmewisvu0004ffzmg3spmxznc'),
('cmewisvum004yfzmgfyh9pgw2', 'แผนกธุรการ', 'cmewisvui004ufzmgv24jau2v'),
('cmewisvw00061fzmgl3vrtwig', 'แผนกธุรการ', 'cmewisvvw005xfzmgh2preqch'),
('cmewisvqq001tfzmgiemotpvs', 'แผนกนโยบายและแผน', 'cmewisvqh001lfzmgbgkdcicl'),
('cmewisvv3005afzmg8s848cbs', 'แผนกบริการจัดการโครงการ', 'cmewisvui004ufzmgv24jau2v'),
('cmewisvud004rfzmgh2fndih1', 'แผนกบริการราชการพิเศษ', 'cmewisvu0004ffzmg3spmxznc'),
('cmewisvs90032fzmgsw4w300i', 'แผนกบริการสุขภาพ', 'cmewisvs2002ufzmgfr6ufw4b'),
('cmewisvus0052fzmgkik3bzl6', 'แผนกบริหารจัดการหลักสูตร', 'cmewisvui004ufzmgv24jau2v'),
('cmewisvra002bfzmgoz9b2z0n', 'แผนกบริหารพัสดุ', 'cmewisvr20023fzmgn1b6l1bn'),
('cmewisvvn005qfzmgumi92q1t', 'แผนกบังคับการ', 'cmewisvvj005mfzmg7f4np7e4'),
('cmewisvrt002nfzmgxf1mnkvc', 'แผนกบัญชี', 'cmewisvrn002hfzmgzry8ikaw'),
('cmewisvvs005ufzmgex2v2ujn', 'แผนกปกครอง', 'cmewisvvj005mfzmg7f4np7e4'),
('cmewisvsk003bfzmgobx7zexy', 'แผนกปฏิบัติการเทคโนโลยีสารสนเทศ', 'cmewisvse0035fzmgr2dlzpdv'),
('cmewisvtr004afzmgg18xyggc', 'แผนกปรับบรรยากาศ', 'cmewisvtd003yfzmgsifhijnm'),
('cmewisvuv0054fzmgjdieaxh8', 'แผนกฝึกอบรมการปฐมพยาบาลและช่วยชีวิต', 'cmewisvui004ufzmgv24jau2v'),
('cmewisvuf004tfzmg50e3zvkm', 'แผนกพัฒนาคุณภาพงานส่งกำลังและเภสัชกรรมปฐมภูมิ', 'cmewisvu0004ffzmg3spmxznc'),
('cmewisvqo001rfzmgz4zecpl0', 'แผนกยุทธการและการฝึก', 'cmewisvqh001lfzmgbgkdcicl'),
('cmewisvrx002rfzmg10pssqt7', 'แผนกรับจ่ายเงิน', 'cmewisvrn002hfzmgzry8ikaw'),
('cmewisvv10058fzmg77ktrj4h', 'แผนกวารสารและประกันคุณภาพการฝึกอบรม', 'cmewisvui004ufzmgv24jau2v'),
('cmewisvtx004efzmgpsyq0b64', 'แผนกวิทยาการ', 'cmewisvtd003yfzmgsifhijnm'),
('cmewisvw20063fzmged6bh495', 'แผนกวิศวกรรมโรงพยาบาล', 'cmewisvvw005xfzmgh2preqch'),
('cmewisvqe001kfzmgder5btlw', 'แผนกศึกษา', 'cmewisvq5001cfzmg1kv46opj'),
('cmewisvvp005sfzmg2r89el1o', 'แผนกศึกษา', 'cmewisvvj005mfzmg7f4np7e4'),
('cmewisvr80029fzmgg6xtw9f4', 'แผนกส่งกำลังและบริการ', 'cmewisvr20023fzmgn1b6l1bn'),
('cmewisvuz0056fzmg0iz0sdra', 'แผนกส่งเสริมการวิจัยและการจัดการความรู้', 'cmewisvui004ufzmgv24jau2v'),
('cmewisvvu005wfzmgqmma86ae', 'แผนกสนับสนุน', 'cmewisvvj005mfzmg7f4np7e4'),
('cmewisvqc001ifzmg16utm64w', 'แผนกสิทธิกำลังพล', 'cmewisvq5001cfzmg1kv46opj'),
('cmewisvsc0034fzmg84fl8uff', 'แผนกสิทธิสวัสดิการสุขภาพ', 'cmewisvs2002ufzmgfr6ufw4b'),
('cmewisvup0050fzmg0ckn9z19', 'แผนกห้องสมุด', 'cmewisvui004ufzmgv24jau2v'),
('cmewisvqz0022fzmg8hsh0397', 'แผนกเงินนอกงบประมาณ', 'cmewisvqs001ufzmg6ijwm8hd'),
('cmewisvs0002tfzmg7xhkzvap', 'แผนกเงินรายได้', 'cmewisvrn002hfzmgzry8ikaw'),
('cmewisvqx0020fzmgs7ta7m2e', 'แผนกเงินในงบประมาณ', 'cmewisvqs001ufzmg6ijwm8hd'),
('cmewisvtl0046fzmggfb8nxbu', 'แผนกเวชศาสตร์การบิน', 'cmewisvtd003yfzmgsifhijnm'),
('cmewisvto0048fzmgepnuqb52', 'แผนกเวชศาสตร์เรือดำน้ำ', 'cmewisvtd003yfzmgsifhijnm'),
('cmewisvtj0044fzmgy6qw417s', 'แผนกเวชศาสตร์ใต้น้ำ', 'cmewisvtd003yfzmgsifhijnm');

-- --------------------------------------------------------

--
-- Table structure for table `ipaddress`
--

CREATE TABLE `ipaddress` (
  `id` varchar(191) COLLATE utf8mb4_unicode_ci NOT NULL,
  `ipAddress` varchar(191) COLLATE utf8mb4_unicode_ci NOT NULL,
  `status` varchar(191) COLLATE utf8mb4_unicode_ci NOT NULL DEFAULT 'Available',
  `createdAt` datetime(3) NOT NULL DEFAULT current_timestamp(3),
  `updatedAt` datetime(3) NOT NULL
) ENGINE=InnoDB DEFAULT CHARSET=utf8mb4 COLLATE=utf8mb4_unicode_ci;

--
-- Dumping data for table `ipaddress`
--

INSERT INTO `ipaddress` (`id`, `ipAddress`, `status`, `createdAt`, `updatedAt`) VALUES
('cmewisvxm0075fzmg3334zlxt', '10.106.55.1', 'Available', '2025-08-29 07:37:41.290', '2025-09-01 03:04:44.942'),
('cmewisvxr0076fzmgzr3e2own', '10.106.55.2', 'Available', '2025-08-29 07:37:41.295', '2025-08-29 07:37:41.295'),
('cmewisvxw0077fzmgdqe2mncp', '10.106.55.3', 'Available', '2025-08-29 07:37:41.300', '2025-08-29 07:37:41.300'),
('cmewisvxz0078fzmg0x0hk10u', '10.106.55.4', 'Available', '2025-08-29 07:37:41.303', '2025-08-29 07:37:41.303'),
('cmewisvy20079fzmgkzb348yi', '10.106.55.5', 'Available', '2025-08-29 07:37:41.306', '2025-08-29 07:37:41.306'),
('cmewisvy5007afzmg3y4q8wm3', '10.106.55.6', 'Available', '2025-08-29 07:37:41.310', '2025-08-29 07:37:41.310'),
('cmewisvy8007bfzmgm9zdpsgj', '10.106.55.7', 'Available', '2025-08-29 07:37:41.312', '2025-08-29 07:37:41.312'),
('cmewisvyb007cfzmgcpp6bp3i', '10.106.55.8', 'Available', '2025-08-29 07:37:41.315', '2025-08-29 07:37:41.315'),
('cmewisvye007dfzmgp7qti8ws', '10.106.55.9', 'Available', '2025-08-29 07:37:41.318', '2025-08-29 07:37:41.318'),
('cmewisvyh007efzmg67bwd3f8', '10.106.55.10', 'Available', '2025-08-29 07:37:41.322', '2025-08-29 07:37:41.322'),
('cmewisvyk007ffzmgb9v94wnd', '10.106.55.11', 'Available', '2025-08-29 07:37:41.325', '2025-08-29 07:37:41.325'),
('cmewisvyn007gfzmg1llg4t77', '10.106.55.12', 'Available', '2025-08-29 07:37:41.327', '2025-08-29 07:37:41.327'),
('cmewisvyq007hfzmgzgfo3k9l', '10.106.55.13', 'Available', '2025-08-29 07:37:41.330', '2025-08-29 07:37:41.330'),
('cmewisvys007ifzmg2d56pvvo', '10.106.55.14', 'Available', '2025-08-29 07:37:41.333', '2025-08-29 07:37:41.333'),
('cmewisvyv007jfzmgnl53hfgi', '10.106.55.15', 'Available', '2025-08-29 07:37:41.336', '2025-08-30 04:06:41.216'),
('cmewisvyz007kfzmgk4rxin8z', '10.106.55.16', 'Available', '2025-08-29 07:37:41.339', '2025-08-29 07:37:41.339'),
('cmewisvz2007lfzmgecn2so0d', '10.106.55.17', 'Available', '2025-08-29 07:37:41.343', '2025-08-29 07:37:41.343'),
('cmewisvz5007mfzmgp45kqnfi', '10.106.55.18', 'Available', '2025-08-29 07:37:41.346', '2025-08-29 07:37:41.346'),
('cmewisvz8007nfzmgafv8y9ul', '10.106.55.19', 'Available', '2025-08-29 07:37:41.349', '2025-08-29 07:37:41.349'),
('cmewisvzb007ofzmgopjalqvf', '10.106.55.20', 'Available', '2025-08-29 07:37:41.352', '2025-08-29 07:37:41.352'),
('cmewisvzf007pfzmg5hfkl5ug', '10.106.55.21', 'Available', '2025-08-29 07:37:41.356', '2025-08-29 07:37:41.356'),
('cmewisvzi007qfzmgfbpoemk6', '10.106.55.22', 'Available', '2025-08-29 07:37:41.358', '2025-08-29 07:37:41.358'),
('cmewisvzk007rfzmgtpw8d6tq', '10.106.55.23', 'Available', '2025-08-29 07:37:41.361', '2025-08-29 07:37:41.361'),
('cmewisvzn007sfzmgynb0o717', '10.106.55.24', 'Available', '2025-08-29 07:37:41.364', '2025-08-29 07:37:41.364'),
('cmewisvzq007tfzmguupp0znw', '10.106.55.25', 'Available', '2025-08-29 07:37:41.367', '2025-08-29 07:37:41.367'),
('cmewisvzt007ufzmg4u7miij0', '10.106.55.26', 'Available', '2025-08-29 07:37:41.369', '2025-08-29 07:37:41.369'),
('cmewisvzw007vfzmg374ammux', '10.106.55.27', 'Available', '2025-08-29 07:37:41.373', '2025-08-29 07:37:41.373'),
('cmewisvzz007wfzmgw2fzvsi0', '10.106.55.28', 'Available', '2025-08-29 07:37:41.375', '2025-08-29 07:37:41.375'),
('cmewisw02007xfzmgoji91k94', '10.106.55.29', 'Available', '2025-08-29 07:37:41.378', '2025-08-29 07:37:41.378'),
('cmewisw05007yfzmg7tj4pcx1', '10.106.55.30', 'Available', '2025-08-29 07:37:41.381', '2025-08-29 07:37:41.381'),
('cmewisw07007zfzmgpny5uw9o', '10.106.55.31', 'Available', '2025-08-29 07:37:41.384', '2025-08-29 07:37:41.384'),
('cmewisw0a0080fzmg2yuxtylz', '10.106.55.32', 'Available', '2025-08-29 07:37:41.387', '2025-08-29 07:37:41.387'),
('cmewisw0d0081fzmg59xrm1ob', '10.106.55.33', 'Available', '2025-08-29 07:37:41.390', '2025-08-29 07:37:41.390'),
('cmewisw0f0082fzmglfq8l8f4', '10.106.55.34', 'Available', '2025-08-29 07:37:41.392', '2025-08-29 07:37:41.392'),
('cmewisw0h0083fzmgfrz6ya6i', '10.106.55.35', 'Available', '2025-08-29 07:37:41.394', '2025-08-29 07:37:41.394'),
('cmewisw0j0084fzmg4t32ue11', '10.106.55.36', 'Available', '2025-08-29 07:37:41.396', '2025-08-29 07:37:41.396'),
('cmewisw0l0085fzmgn332ypkk', '10.106.55.37', 'Available', '2025-08-29 07:37:41.398', '2025-08-29 07:37:41.398'),
('cmewisw0o0086fzmgijtv6w4q', '10.106.55.38', 'Available', '2025-08-29 07:37:41.400', '2025-08-29 07:37:41.400'),
('cmewisw0q0087fzmg4xu7f6z8', '10.106.55.39', 'Available', '2025-08-29 07:37:41.403', '2025-08-29 07:37:41.403'),
('cmewisw0t0088fzmgz4gyo11v', '10.106.55.40', 'Available', '2025-08-29 07:37:41.406', '2025-08-29 07:37:41.406'),
('cmewisw0v0089fzmgepspid9v', '10.106.55.41', 'Available', '2025-08-29 07:37:41.408', '2025-08-29 07:37:41.408'),
('cmewisw0x008afzmgbqmnlwyc', '10.106.55.42', 'Available', '2025-08-29 07:37:41.410', '2025-08-29 07:37:41.410'),
('cmewisw10008bfzmgrku6lac3', '10.106.55.43', 'Available', '2025-08-29 07:37:41.412', '2025-08-29 07:37:41.412'),
('cmewisw12008cfzmggojtywhn', '10.106.55.44', 'Available', '2025-08-29 07:37:41.415', '2025-08-29 07:37:41.415'),
('cmewisw15008dfzmg4sbk0wne', '10.106.55.45', 'Available', '2025-08-29 07:37:41.417', '2025-08-29 07:37:41.417'),
('cmewisw18008efzmgqvc7bdlx', '10.106.55.46', 'Available', '2025-08-29 07:37:41.420', '2025-09-15 04:13:25.007'),
('cmewisw1a008ffzmghnya586v', '10.106.55.47', 'Available', '2025-08-29 07:37:41.423', '2025-08-29 07:37:41.423'),
('cmewisw1d008gfzmgcd3ypetz', '10.106.55.48', 'Available', '2025-08-29 07:37:41.426', '2025-08-29 07:37:41.426'),
('cmewisw1g008hfzmgo8gdiqpg', '10.106.55.49', 'Available', '2025-08-29 07:37:41.428', '2025-08-29 07:37:41.428'),
('cmewisw1j008ifzmg274hvdxv', '10.106.55.50', 'Available', '2025-08-29 07:37:41.431', '2025-08-29 07:37:41.431'),
('cmewisw1l008jfzmgf6nauh8m', '10.106.55.51', 'Available', '2025-08-29 07:37:41.434', '2025-08-29 07:37:41.434'),
('cmewisw1p008kfzmggcxajyc2', '10.106.55.52', 'Available', '2025-08-29 07:37:41.437', '2025-08-29 07:37:41.437'),
('cmewisw1s008lfzmgoyzoxsa7', '10.106.55.53', 'Available', '2025-08-29 07:37:41.440', '2025-08-29 07:37:41.440'),
('cmewisw1v008mfzmg06md660d', '10.106.55.54', 'Available', '2025-08-29 07:37:41.444', '2025-08-29 07:37:41.444'),
('cmewisw1z008nfzmgp2czu6lc', '10.106.55.55', 'Available', '2025-08-29 07:37:41.447', '2025-08-29 07:37:41.447'),
('cmewisw23008ofzmg5qaxpxpy', '10.106.55.56', 'Available', '2025-08-29 07:37:41.451', '2025-08-29 07:37:41.451'),
('cmewisw26008pfzmg0qjlfogi', '10.106.55.57', 'Available', '2025-08-29 07:37:41.455', '2025-08-29 07:37:41.455'),
('cmewisw2a008qfzmguzgjj1lo', '10.106.55.58', 'Available', '2025-08-29 07:37:41.458', '2025-08-29 07:37:41.458'),
('cmewisw2d008rfzmg4hggk26d', '10.106.55.59', 'Available', '2025-08-29 07:37:41.462', '2025-08-29 07:37:41.462'),
('cmewisw2g008sfzmgzjaz01q7', '10.106.55.60', 'Available', '2025-08-29 07:37:41.464', '2025-08-29 07:37:41.464'),
('cmewisw2j008tfzmgatooivmo', '10.106.55.61', 'Available', '2025-08-29 07:37:41.468', '2025-08-29 07:37:41.468'),
('cmewisw2m008ufzmgfc3z6kmb', '10.106.55.62', 'Available', '2025-08-29 07:37:41.471', '2025-08-29 07:37:41.471'),
('cmewisw2p008vfzmg3i4nd9pu', '10.106.55.63', 'Available', '2025-08-29 07:37:41.474', '2025-08-29 07:37:41.474'),
('cmewisw2s008wfzmg5etq6sgk', '10.106.55.64', 'Available', '2025-08-29 07:37:41.476', '2025-08-29 07:37:41.476'),
('cmewisw2u008xfzmgyrb5ls37', '10.106.55.65', 'Available', '2025-08-29 07:37:41.479', '2025-08-29 07:37:41.479'),
('cmewisw2x008yfzmgpng7lwfc', '10.106.55.66', 'Available', '2025-08-29 07:37:41.482', '2025-08-29 07:37:41.482'),
('cmewisw30008zfzmgf97an1d2', '10.106.55.67', 'Available', '2025-08-29 07:37:41.484', '2025-08-29 07:37:41.484'),
('cmewisw340090fzmgvkdtat4p', '10.106.55.68', 'Available', '2025-08-29 07:37:41.488', '2025-08-29 07:37:41.488'),
('cmewisw360091fzmgakb5k6lh', '10.106.55.69', 'Available', '2025-08-29 07:37:41.491', '2025-08-29 07:37:41.491'),
('cmewisw380092fzmgz19laxcn', '10.106.55.70', 'Available', '2025-08-29 07:37:41.493', '2025-08-29 07:37:41.493'),
('cmewisw3a0093fzmg9jwvvdul', '10.106.55.71', 'Available', '2025-08-29 07:37:41.495', '2025-08-29 07:37:41.495'),
('cmewisw3d0094fzmg5swy20c8', '10.106.55.72', 'Available', '2025-08-29 07:37:41.497', '2025-08-29 07:37:41.497'),
('cmewisw3f0095fzmgt99x99sf', '10.106.55.73', 'Available', '2025-08-29 07:37:41.499', '2025-08-29 07:37:41.499'),
('cmewisw3i0096fzmguo00n0v7', '10.106.55.74', 'Available', '2025-08-29 07:37:41.502', '2025-08-29 07:37:41.502'),
('cmewisw3l0097fzmg7wu54tuu', '10.106.55.75', 'Available', '2025-08-29 07:37:41.505', '2025-08-29 07:37:41.505'),
('cmewisw3o0098fzmg2p4lm4ws', '10.106.55.76', 'Available', '2025-08-29 07:37:41.508', '2025-08-29 07:37:41.508'),
('cmewisw3r0099fzmgc75zhets', '10.106.55.77', 'Available', '2025-08-29 07:37:41.511', '2025-08-29 07:37:41.511'),
('cmewisw3u009afzmgdq735g7n', '10.106.55.78', 'Available', '2025-08-29 07:37:41.514', '2025-08-29 07:37:41.514'),
('cmewisw3w009bfzmg4l6o58r4', '10.106.55.79', 'Available', '2025-08-29 07:37:41.517', '2025-08-29 07:37:41.517'),
('cmewisw40009cfzmgg60pxp2k', '10.106.55.80', 'Available', '2025-08-29 07:37:41.520', '2025-08-29 07:37:41.520'),
('cmewisw43009dfzmgzk0up0v2', '10.106.55.81', 'Available', '2025-08-29 07:37:41.523', '2025-08-29 07:37:41.523'),
('cmewisw46009efzmg9rqa1tuj', '10.106.55.82', 'Available', '2025-08-29 07:37:41.526', '2025-08-29 07:37:41.526'),
('cmewisw49009ffzmg65ul73os', '10.106.55.83', 'Available', '2025-08-29 07:37:41.530', '2025-08-29 07:37:41.530'),
('cmewisw4d009gfzmgnzm9w811', '10.106.55.84', 'Available', '2025-08-29 07:37:41.533', '2025-08-29 07:37:41.533'),
('cmewisw4g009hfzmgctb9ywes', '10.106.55.85', 'Available', '2025-08-29 07:37:41.536', '2025-08-29 07:37:41.536'),
('cmewisw4j009ifzmgmw639ybi', '10.106.55.86', 'Available', '2025-08-29 07:37:41.539', '2025-08-29 07:37:41.539'),
('cmewisw4l009jfzmgzdf6je38', '10.106.55.87', 'Available', '2025-08-29 07:37:41.542', '2025-08-29 07:37:41.542'),
('cmewisw4n009kfzmgedd3leb5', '10.106.55.88', 'Available', '2025-08-29 07:37:41.544', '2025-08-29 07:37:41.544'),
('cmewisw4q009lfzmgap82vbbr', '10.106.55.89', 'Available', '2025-08-29 07:37:41.547', '2025-08-29 07:37:41.547'),
('cmewisw4s009mfzmgw66093ji', '10.106.55.90', 'Available', '2025-08-29 07:37:41.549', '2025-08-29 07:37:41.549'),
('cmewisw4v009nfzmg0nzbee0b', '10.106.55.91', 'Available', '2025-08-29 07:37:41.551', '2025-08-29 07:37:41.551'),
('cmewisw4y009ofzmgzdlcouna', '10.106.55.92', 'Available', '2025-08-29 07:37:41.554', '2025-08-29 07:37:41.554'),
('cmewisw50009pfzmgb2kn2e88', '10.106.55.93', 'Available', '2025-08-29 07:37:41.556', '2025-08-29 07:37:41.556'),
('cmewisw52009qfzmg9erpcmuw', '10.106.55.94', 'Available', '2025-08-29 07:37:41.558', '2025-08-29 07:37:41.558'),
('cmewisw54009rfzmgx2dxprw2', '10.106.55.95', 'Available', '2025-08-29 07:37:41.560', '2025-08-29 07:37:41.560'),
('cmewisw55009sfzmgxd7zgobd', '10.106.55.96', 'Available', '2025-08-29 07:37:41.562', '2025-08-29 07:37:41.562'),
('cmewisw57009tfzmg56l8erib', '10.106.55.97', 'Available', '2025-08-29 07:37:41.563', '2025-08-29 07:37:41.563'),
('cmewisw59009ufzmgocfs0wh6', '10.106.55.98', 'Available', '2025-08-29 07:37:41.565', '2025-08-29 07:37:41.565'),
('cmewisw5b009vfzmg0ra63p8i', '10.106.55.99', 'Available', '2025-08-29 07:37:41.567', '2025-08-29 07:37:41.567'),
('cmewisw5d009wfzmgyusxkkgg', '10.106.55.100', 'Available', '2025-08-29 07:37:41.569', '2025-08-29 07:37:41.569'),
('cmewisw5f009xfzmgnxqh5j14', '10.106.55.101', 'Available', '2025-08-29 07:37:41.571', '2025-08-29 07:37:41.571'),
('cmewisw5h009yfzmg2rd9xoxb', '10.106.55.102', 'Available', '2025-08-29 07:37:41.573', '2025-08-29 07:37:41.573'),
('cmewisw5j009zfzmgvfvv8xo7', '10.106.55.103', 'Available', '2025-08-29 07:37:41.575', '2025-08-29 07:37:41.575'),
('cmewisw5l00a0fzmg0tzph1g2', '10.106.55.104', 'Available', '2025-08-29 07:37:41.577', '2025-08-29 07:37:41.577'),
('cmewisw5n00a1fzmgo9jb0kec', '10.106.55.105', 'Available', '2025-08-29 07:37:41.579', '2025-08-29 07:37:41.579'),
('cmewisw5p00a2fzmg7a9lh087', '10.106.55.106', 'Available', '2025-08-29 07:37:41.581', '2025-08-29 07:37:41.581'),
('cmewisw5r00a3fzmgyn1bzzo3', '10.106.55.107', 'Available', '2025-08-29 07:37:41.583', '2025-08-29 07:37:41.583'),
('cmewisw5t00a4fzmg5oc9vi0j', '10.106.55.108', 'Available', '2025-08-29 07:37:41.586', '2025-08-29 07:37:41.586'),
('cmewisw5w00a5fzmgi2qrdfk2', '10.106.55.109', 'Available', '2025-08-29 07:37:41.588', '2025-08-29 07:37:41.588'),
('cmewisw5y00a6fzmgikltudo2', '10.106.55.110', 'Available', '2025-08-29 07:37:41.590', '2025-08-29 07:37:41.590'),
('cmewisw5z00a7fzmgqpomdbcr', '10.106.55.111', 'Available', '2025-08-29 07:37:41.592', '2025-08-29 07:37:41.592'),
('cmewisw6100a8fzmgq9y5h599', '10.106.55.112', 'Available', '2025-08-29 07:37:41.594', '2025-08-29 07:37:41.594'),
('cmewisw6300a9fzmgr3y5s2l3', '10.106.55.113', 'Available', '2025-08-29 07:37:41.595', '2025-08-29 07:37:41.595'),
('cmewisw6500aafzmgi2bhd7jv', '10.106.55.114', 'Available', '2025-08-29 07:37:41.597', '2025-08-29 07:37:41.597'),
('cmewisw6700abfzmgpqyxxctz', '10.106.55.115', 'Available', '2025-08-29 07:37:41.599', '2025-08-29 07:37:41.599'),
('cmewisw6900acfzmgeji8if9h', '10.106.55.116', 'Available', '2025-08-29 07:37:41.601', '2025-08-29 07:37:41.601'),
('cmewisw6b00adfzmgcfyiy1dd', '10.106.55.117', 'Available', '2025-08-29 07:37:41.603', '2025-08-29 07:37:41.603'),
('cmewisw6d00aefzmgx1dap0jb', '10.106.55.118', 'Available', '2025-08-29 07:37:41.605', '2025-08-29 07:37:41.605'),
('cmewisw6f00affzmgmzh8916z', '10.106.55.119', 'Available', '2025-08-29 07:37:41.607', '2025-08-29 07:37:41.607'),
('cmewisw6g00agfzmginzxxpq7', '10.106.55.120', 'Available', '2025-08-29 07:37:41.609', '2025-08-29 07:37:41.609'),
('cmewisw6i00ahfzmgp0l2v87a', '10.106.55.121', 'Available', '2025-08-29 07:37:41.610', '2025-08-29 07:37:41.610'),
('cmewisw6k00aifzmgafmmmqvj', '10.106.55.122', 'Available', '2025-08-29 07:37:41.612', '2025-08-29 07:37:41.612'),
('cmewisw6m00ajfzmguj7gfvq9', '10.106.55.123', 'Available', '2025-08-29 07:37:41.615', '2025-08-29 07:37:41.615'),
('cmewisw6p00akfzmgj191qi71', '10.106.55.124', 'Available', '2025-08-29 07:37:41.617', '2025-08-29 07:37:41.617'),
('cmewisw6s00alfzmgben5abo1', '10.106.55.125', 'Available', '2025-08-29 07:37:41.620', '2025-08-29 07:37:41.620'),
('cmewisw6v00amfzmgppden3r1', '10.106.55.126', 'Available', '2025-08-29 07:37:41.623', '2025-08-29 07:37:41.623'),
('cmewisw6x00anfzmga4eugfp3', '10.106.55.127', 'Available', '2025-08-29 07:37:41.626', '2025-08-29 07:37:41.626'),
('cmewisw7000aofzmgr286gi7y', '10.106.55.128', 'Available', '2025-08-29 07:37:41.629', '2025-08-29 07:37:41.629'),
('cmewisw7300apfzmgg52q6w2d', '10.106.55.129', 'Available', '2025-08-29 07:37:41.632', '2025-08-29 07:37:41.632'),
('cmewisw7600aqfzmgwqkoq8ol', '10.106.55.130', 'Available', '2025-08-29 07:37:41.635', '2025-08-29 07:37:41.635'),
('cmewisw7a00arfzmg9jp9i0e6', '10.106.55.131', 'Available', '2025-08-29 07:37:41.638', '2025-08-29 07:37:41.638'),
('cmewisw7d00asfzmgul8xfpg2', '10.106.55.132', 'Available', '2025-08-29 07:37:41.641', '2025-08-29 07:37:41.641'),
('cmewisw7g00atfzmg1rwpn2db', '10.106.55.133', 'Available', '2025-08-29 07:37:41.645', '2025-08-29 07:37:41.645'),
('cmewisw7k00aufzmgazfouya8', '10.106.55.134', 'Available', '2025-08-29 07:37:41.648', '2025-08-29 07:37:41.648'),
('cmewisw7n00avfzmgvza1uivr', '10.106.55.135', 'Available', '2025-08-29 07:37:41.652', '2025-08-29 07:37:41.652'),
('cmewisw7r00awfzmge9wgrpin', '10.106.55.136', 'Available', '2025-08-29 07:37:41.656', '2025-08-29 07:37:41.656'),
('cmewisw7v00axfzmgo5w2x5ei', '10.106.55.137', 'Available', '2025-08-29 07:37:41.659', '2025-08-29 07:37:41.659'),
('cmewisw7y00ayfzmgql0867hp', '10.106.55.138', 'Available', '2025-08-29 07:37:41.663', '2025-08-29 07:37:41.663'),
('cmewisw8100azfzmgjihck450', '10.106.55.139', 'Available', '2025-08-29 07:37:41.666', '2025-08-29 07:37:41.666'),
('cmewisw8500b0fzmgz609mfsd', '10.106.55.140', 'Available', '2025-08-29 07:37:41.669', '2025-08-29 07:37:41.669'),
('cmewisw8800b1fzmg5m8twmj0', '10.106.55.141', 'Available', '2025-08-29 07:37:41.672', '2025-08-29 07:37:41.672'),
('cmewisw8b00b2fzmgtu5o2wb2', '10.106.55.142', 'Available', '2025-08-29 07:37:41.675', '2025-08-29 07:37:41.675'),
('cmewisw8d00b3fzmgd1rh7mab', '10.106.55.143', 'Available', '2025-08-29 07:37:41.678', '2025-08-29 07:37:41.678'),
('cmewisw8h00b4fzmg29cb1hh9', '10.106.55.144', 'Available', '2025-08-29 07:37:41.681', '2025-08-29 07:37:41.681'),
('cmewisw8k00b5fzmg3008cdrl', '10.106.55.145', 'Available', '2025-08-29 07:37:41.684', '2025-08-29 07:37:41.684'),
('cmewisw8p00b6fzmgwjn13f2m', '10.106.55.146', 'Available', '2025-08-29 07:37:41.689', '2025-08-29 07:37:41.689'),
('cmewisw8s00b7fzmgzswi9k4r', '10.106.55.147', 'Available', '2025-08-29 07:37:41.693', '2025-08-29 07:37:41.693'),
('cmewisw8w00b8fzmglmy4rh56', '10.106.55.148', 'Available', '2025-08-29 07:37:41.696', '2025-08-29 07:37:41.696'),
('cmewisw8z00b9fzmggotwllk2', '10.106.55.149', 'Available', '2025-08-29 07:37:41.699', '2025-08-29 07:37:41.699'),
('cmewisw9200bafzmgzjm62997', '10.106.55.150', 'Available', '2025-08-29 07:37:41.703', '2025-08-29 07:37:41.703'),
('cmewisw9700bbfzmgblkhcrly', '10.106.55.151', 'Available', '2025-08-29 07:37:41.707', '2025-08-29 07:37:41.707'),
('cmewisw9a00bcfzmgnz5n4t0r', '10.106.55.152', 'Available', '2025-08-29 07:37:41.710', '2025-08-29 07:37:41.710'),
('cmewisw9d00bdfzmghdtf5nfm', '10.106.55.153', 'Available', '2025-08-29 07:37:41.713', '2025-08-29 07:37:41.713'),
('cmewisw9g00befzmg301m1oih', '10.106.55.154', 'Available', '2025-08-29 07:37:41.716', '2025-08-29 07:37:41.716'),
('cmewisw9l00bffzmgr1sf9n7y', '10.106.55.155', 'Available', '2025-08-29 07:37:41.721', '2025-08-29 07:37:41.721'),
('cmewisw9p00bgfzmgeyant6xj', '10.106.55.156', 'Available', '2025-08-29 07:37:41.725', '2025-08-29 07:37:41.725'),
('cmewisw9t00bhfzmg9mb05qew', '10.106.55.157', 'Available', '2025-08-29 07:37:41.729', '2025-08-29 07:37:41.729'),
('cmewisw9x00bifzmg2fulbm8n', '10.106.55.158', 'Available', '2025-08-29 07:37:41.733', '2025-08-29 07:37:41.733'),
('cmewiswa100bjfzmg9psn26as', '10.106.55.159', 'Available', '2025-08-29 07:37:41.737', '2025-08-29 07:37:41.737'),
('cmewiswa500bkfzmgwhgwwjve', '10.106.55.160', 'Available', '2025-08-29 07:37:41.742', '2025-08-29 07:37:41.742'),
('cmewiswaa00blfzmgvi84wy88', '10.106.55.161', 'Available', '2025-08-29 07:37:41.746', '2025-08-29 07:37:41.746'),
('cmewiswad00bmfzmgf63d6rj1', '10.106.55.162', 'Available', '2025-08-29 07:37:41.750', '2025-08-29 07:37:41.750'),
('cmewiswai00bnfzmg89y6pvs6', '10.106.55.163', 'Available', '2025-08-29 07:37:41.754', '2025-08-29 07:37:41.754'),
('cmewiswam00bofzmgetcnnbhh', '10.106.55.164', 'Available', '2025-08-29 07:37:41.759', '2025-08-29 07:37:41.759'),
('cmewiswaq00bpfzmg224t0tdf', '10.106.55.165', 'Available', '2025-08-29 07:37:41.762', '2025-08-29 07:37:41.762'),
('cmewiswat00bqfzmgjbaw44dc', '10.106.55.166', 'Available', '2025-08-29 07:37:41.766', '2025-08-29 07:37:41.766'),
('cmewiswax00brfzmgc60tnism', '10.106.55.167', 'Available', '2025-08-29 07:37:41.770', '2025-08-29 07:37:41.770'),
('cmewiswb300bsfzmgq5xgats1', '10.106.55.168', 'Available', '2025-08-29 07:37:41.775', '2025-08-29 07:37:41.775'),
('cmewiswb700btfzmgcpjyfr6l', '10.106.55.169', 'Available', '2025-08-29 07:37:41.780', '2025-08-29 07:37:41.780'),
('cmewiswbd00bufzmg10e0ba6w', '10.106.55.170', 'Available', '2025-08-29 07:37:41.785', '2025-08-29 07:37:41.785'),
('cmewiswbh00bvfzmgrbcnywp0', '10.106.55.171', 'Available', '2025-08-29 07:37:41.790', '2025-08-29 07:37:41.790'),
('cmewiswbk00bwfzmg3kcq2n79', '10.106.55.172', 'Available', '2025-08-29 07:37:41.793', '2025-08-29 07:37:41.793'),
('cmewiswbn00bxfzmgoap1qjlo', '10.106.55.173', 'Available', '2025-08-29 07:37:41.795', '2025-08-29 07:37:41.795'),
('cmewiswbp00byfzmgw9wy61e2', '10.106.55.174', 'Available', '2025-08-29 07:37:41.797', '2025-08-29 07:37:41.797'),
('cmewiswbs00bzfzmgbpz1hcm8', '10.106.55.175', 'Available', '2025-08-29 07:37:41.800', '2025-08-29 07:37:41.800'),
('cmewiswbv00c0fzmghr4f01rb', '10.106.55.176', 'Available', '2025-08-29 07:37:41.803', '2025-08-29 07:37:41.803'),
('cmewiswby00c1fzmgp9b22m63', '10.106.55.177', 'Available', '2025-08-29 07:37:41.806', '2025-08-29 07:37:41.806'),
('cmewiswc100c2fzmgd9yro5vu', '10.106.55.178', 'Available', '2025-08-29 07:37:41.809', '2025-08-29 07:37:41.809'),
('cmewiswc300c3fzmglfonej6a', '10.106.55.179', 'Available', '2025-08-29 07:37:41.812', '2025-08-29 07:37:41.812'),
('cmewiswc600c4fzmgrht3vxfl', '10.106.55.180', 'Available', '2025-08-29 07:37:41.814', '2025-08-29 07:37:41.814'),
('cmewiswc900c5fzmga5w2uwom', '10.106.55.181', 'Available', '2025-08-29 07:37:41.817', '2025-08-29 07:37:41.817'),
('cmewiswcc00c6fzmg5en3oetx', '10.106.55.182', 'Available', '2025-08-29 07:37:41.820', '2025-08-29 07:37:41.820'),
('cmewiswcf00c7fzmgd341y6s0', '10.106.55.183', 'Available', '2025-08-29 07:37:41.823', '2025-08-29 07:37:41.823'),
('cmewiswci00c8fzmg2m12u7wg', '10.106.55.184', 'Available', '2025-08-29 07:37:41.826', '2025-08-29 07:37:41.826'),
('cmewiswcl00c9fzmg91vur1fk', '10.106.55.185', 'Available', '2025-08-29 07:37:41.829', '2025-08-29 07:37:41.829'),
('cmewiswco00cafzmgsguz6vh9', '10.106.55.186', 'Available', '2025-08-29 07:37:41.833', '2025-08-29 07:37:41.833'),
('cmewiswct00cbfzmghfhza5kt', '10.106.55.187', 'Available', '2025-08-29 07:37:41.838', '2025-08-29 07:37:41.838'),
('cmewiswcw00ccfzmgo5p7nval', '10.106.55.188', 'Available', '2025-08-29 07:37:41.841', '2025-08-29 07:37:41.841'),
('cmewiswcz00cdfzmgv9qdifx9', '10.106.55.189', 'Available', '2025-08-29 07:37:41.844', '2025-08-29 07:37:41.844'),
('cmewiswd300cefzmg8lkk6avg', '10.106.55.190', 'Available', '2025-08-29 07:37:41.847', '2025-08-29 07:37:41.847'),
('cmewiswd500cffzmgo8vy79iu', '10.106.55.191', 'Available', '2025-08-29 07:37:41.850', '2025-08-29 07:37:41.850'),
('cmewiswd800cgfzmg2zkedlq6', '10.106.55.192', 'Available', '2025-08-29 07:37:41.853', '2025-08-29 07:37:41.853'),
('cmewiswdc00chfzmg8ahn2mp8', '10.106.55.193', 'Available', '2025-08-29 07:37:41.856', '2025-08-29 07:37:41.856'),
('cmewiswde00cifzmg00ksaqk2', '10.106.55.194', 'Available', '2025-08-29 07:37:41.859', '2025-08-29 07:37:41.859'),
('cmewiswdh00cjfzmgfdlzxqzk', '10.106.55.195', 'Available', '2025-08-29 07:37:41.862', '2025-08-29 07:37:41.862'),
('cmewiswdk00ckfzmghjtdoor0', '10.106.55.196', 'Available', '2025-08-29 07:37:41.865', '2025-08-29 07:37:41.865'),
('cmewiswdo00clfzmgen9ql9cw', '10.106.55.197', 'Available', '2025-08-29 07:37:41.868', '2025-08-29 07:37:41.868'),
('cmewiswdr00cmfzmgyksq57dq', '10.106.55.198', 'Available', '2025-08-29 07:37:41.871', '2025-08-29 07:37:41.871'),
('cmewiswdu00cnfzmg72x3dlcq', '10.106.55.199', 'Available', '2025-08-29 07:37:41.875', '2025-08-29 07:37:41.875'),
('cmewiswdx00cofzmgrmcr8rtv', '10.106.55.200', 'Available', '2025-08-29 07:37:41.878', '2025-08-29 07:37:41.878'),
('cmewiswe100cpfzmguth8nh4g', '10.106.55.201', 'Available', '2025-08-29 07:37:41.881', '2025-08-29 07:37:41.881'),
('cmewiswe500cqfzmgpo5gcaj7', '10.106.55.202', 'Available', '2025-08-29 07:37:41.886', '2025-08-29 07:37:41.886'),
('cmewiswea00crfzmgbep6dzmc', '10.106.55.203', 'Available', '2025-08-29 07:37:41.891', '2025-08-29 07:37:41.891'),
('cmewiswed00csfzmginw0483o', '10.106.55.204', 'Available', '2025-08-29 07:37:41.893', '2025-08-29 07:37:41.893'),
('cmewiswef00ctfzmgsoviqlgn', '10.106.55.205', 'Available', '2025-08-29 07:37:41.896', '2025-08-29 07:37:41.896'),
('cmewiswei00cufzmgfkl8ir90', '10.106.55.206', 'Available', '2025-08-29 07:37:41.898', '2025-08-29 07:37:41.898'),
('cmewiswek00cvfzmg83g1decq', '10.106.55.207', 'Available', '2025-08-29 07:37:41.901', '2025-08-29 07:37:41.901'),
('cmewiswen00cwfzmg1bv53bw0', '10.106.55.208', 'Available', '2025-08-29 07:37:41.903', '2025-08-29 07:37:41.903'),
('cmewiswep00cxfzmg9575elm1', '10.106.55.209', 'Available', '2025-08-29 07:37:41.906', '2025-08-29 07:37:41.906'),
('cmewiswer00cyfzmginjx9kfp', '10.106.55.210', 'Available', '2025-08-29 07:37:41.907', '2025-08-29 07:37:41.907'),
('cmewiswet00czfzmg8nfxjvus', '10.106.55.211', 'Available', '2025-08-29 07:37:41.910', '2025-08-29 07:37:41.910'),
('cmewiswf500d0fzmgprtmbpjk', '10.106.55.212', 'Available', '2025-08-29 07:37:41.922', '2025-08-29 07:37:41.922'),
('cmewiswf900d1fzmge1k5y9li', '10.106.55.213', 'Available', '2025-08-29 07:37:41.925', '2025-08-29 07:37:41.925'),
('cmewiswff00d2fzmgdx0kpm69', '10.106.55.214', 'Available', '2025-08-29 07:37:41.932', '2025-08-29 07:37:41.932'),
('cmewiswfj00d3fzmgylyrmwtl', '10.106.55.215', 'Available', '2025-08-29 07:37:41.936', '2025-08-29 07:37:41.936'),
('cmewiswfn00d4fzmg7wpp3q11', '10.106.55.216', 'Available', '2025-08-29 07:37:41.939', '2025-08-29 07:37:41.939'),
('cmewiswfr00d5fzmgw4hez2za', '10.106.55.217', 'Available', '2025-08-29 07:37:41.943', '2025-08-29 07:37:41.943'),
('cmewiswfu00d6fzmg6wulxx74', '10.106.55.218', 'Available', '2025-08-29 07:37:41.946', '2025-08-29 07:37:41.946'),
('cmewiswfx00d7fzmg8bc3mcpn', '10.106.55.219', 'Available', '2025-08-29 07:37:41.950', '2025-08-29 07:37:41.950'),
('cmewiswg100d8fzmg4x6zf3vu', '10.106.55.220', 'Available', '2025-08-29 07:37:41.953', '2025-08-29 07:37:41.953'),
('cmewiswg400d9fzmgznl8arln', '10.106.55.221', 'Available', '2025-08-29 07:37:41.957', '2025-08-29 07:37:41.957'),
('cmewiswg800dafzmgn3dcrmlk', '10.106.55.222', 'Available', '2025-08-29 07:37:41.960', '2025-08-29 07:37:41.960'),
('cmewiswgc00dbfzmgspjkzwoo', '10.106.55.223', 'Available', '2025-08-29 07:37:41.964', '2025-08-29 07:37:41.964'),
('cmewiswgf00dcfzmg0d9xxhb5', '10.106.55.224', 'Available', '2025-08-29 07:37:41.967', '2025-08-29 07:37:41.967'),
('cmewiswgi00ddfzmgu1j9li34', '10.106.55.225', 'Available', '2025-08-29 07:37:41.970', '2025-08-29 07:37:41.970'),
('cmewiswgm00defzmg1kmaovzu', '10.106.55.226', 'Available', '2025-08-29 07:37:41.975', '2025-08-29 07:37:41.975'),
('cmewiswgr00dffzmgqgecbn38', '10.106.55.227', 'Available', '2025-08-29 07:37:41.979', '2025-08-29 07:37:41.979'),
('cmewiswgt00dgfzmggsowgpw0', '10.106.55.228', 'Available', '2025-08-29 07:37:41.981', '2025-08-29 07:37:41.981'),
('cmewiswgw00dhfzmgll1tr6hk', '10.106.55.229', 'Available', '2025-08-29 07:37:41.985', '2025-08-29 07:37:41.985'),
('cmewiswgz00difzmgvyc9i0l7', '10.106.55.230', 'Available', '2025-08-29 07:37:41.988', '2025-08-29 07:37:41.988'),
('cmewiswh200djfzmgw852eftf', '10.106.55.231', 'Available', '2025-08-29 07:37:41.991', '2025-08-29 07:37:41.991'),
('cmewiswh600dkfzmguhkdttgu', '10.106.55.232', 'Available', '2025-08-29 07:37:41.995', '2025-08-29 07:37:41.995'),
('cmewiswh900dlfzmgi2zvzh8e', '10.106.55.233', 'Available', '2025-08-29 07:37:41.998', '2025-08-29 07:37:41.998'),
('cmewiswhc00dmfzmgx35w4ubv', '10.106.55.234', 'Available', '2025-08-29 07:37:42.000', '2025-08-29 07:37:42.000'),
('cmewiswhe00dnfzmgg2j5ot15', '10.106.55.235', 'Available', '2025-08-29 07:37:42.002', '2025-08-29 07:37:42.002'),
('cmewiswhg00dofzmg6okbvhys', '10.106.55.236', 'Available', '2025-08-29 07:37:42.005', '2025-08-29 07:37:42.005'),
('cmewiswhi00dpfzmgd5ibjeme', '10.106.55.237', 'Available', '2025-08-29 07:37:42.007', '2025-08-29 07:37:42.007'),
('cmewiswhk00dqfzmg5vvep5xn', '10.106.55.238', 'Available', '2025-08-29 07:37:42.009', '2025-08-29 07:37:42.009'),
('cmewiswhm00drfzmgdcofnrtv', '10.106.55.239', 'Available', '2025-08-29 07:37:42.011', '2025-08-29 07:37:42.011'),
('cmewiswho00dsfzmgv5x0tyc2', '10.106.55.240', 'Available', '2025-08-29 07:37:42.013', '2025-08-29 07:37:42.013'),
('cmewiswhq00dtfzmgndgsb1m4', '10.106.55.241', 'Available', '2025-08-29 07:37:42.014', '2025-08-29 07:37:42.014'),
('cmewiswhs00dufzmgesypggxc', '10.106.55.242', 'Available', '2025-08-29 07:37:42.016', '2025-08-29 07:37:42.016'),
('cmewiswhu00dvfzmgqcamh0s2', '10.106.55.243', 'Available', '2025-08-29 07:37:42.018', '2025-08-29 07:37:42.018'),
('cmewiswhw00dwfzmg2qfarec3', '10.106.55.244', 'Available', '2025-08-29 07:37:42.021', '2025-08-29 07:37:42.021'),
('cmewiswhz00dxfzmg432d0qa8', '10.106.55.245', 'Available', '2025-08-29 07:37:42.023', '2025-08-29 07:37:42.023'),
('cmewiswi100dyfzmgzohby2tz', '10.106.55.246', 'Available', '2025-08-29 07:37:42.025', '2025-08-29 07:37:42.025'),
('cmewiswi400dzfzmgv2yd5z6h', '10.106.55.247', 'Available', '2025-08-29 07:37:42.028', '2025-08-29 07:37:42.028'),
('cmewiswi600e0fzmgmo3pkugo', '10.106.55.248', 'Available', '2025-08-29 07:37:42.031', '2025-08-29 07:37:42.031'),
('cmewiswi900e1fzmgjsb92gq8', '10.106.55.249', 'Available', '2025-08-29 07:37:42.033', '2025-08-29 07:37:42.033'),
('cmewiswib00e2fzmg66f9zrw8', '10.106.55.250', 'Available', '2025-08-29 07:37:42.036', '2025-08-29 07:37:42.036'),
('cmewiswie00e3fzmg9zhpgz9t', '10.106.55.251', 'Available', '2025-08-29 07:37:42.038', '2025-08-29 07:37:42.038'),
('cmewiswig00e4fzmguvyhxuei', '10.106.55.252', 'Available', '2025-08-29 07:37:42.041', '2025-08-29 07:37:42.041'),
('cmewiswii00e5fzmgjx248rfj', '10.106.55.253', 'Available', '2025-08-29 07:37:42.043', '2025-08-29 07:37:42.043'),
('cmewiswik00e6fzmg4pkwn7v3', '10.106.55.254', 'Available', '2025-08-29 07:37:42.045', '2025-08-29 07:37:42.045'),
('cmewiswim00e7fzmgzubnce6t', '10.106.56.1', 'Available', '2025-08-29 07:37:42.047', '2025-08-29 07:37:42.047'),
('cmewiswio00e8fzmgv5ps076k', '10.106.56.2', 'Available', '2025-08-29 07:37:42.049', '2025-08-29 07:37:42.049'),
('cmewiswiq00e9fzmgakzqwj1h', '10.106.56.3', 'Available', '2025-08-29 07:37:42.051', '2025-08-29 07:37:42.051'),
('cmewiswit00eafzmgndnu2ic9', '10.106.56.4', 'Available', '2025-08-29 07:37:42.053', '2025-08-29 07:37:42.053'),
('cmewiswiv00ebfzmgkcw3lzti', '10.106.56.5', 'Available', '2025-08-29 07:37:42.056', '2025-08-29 07:37:42.056'),
('cmewiswix00ecfzmg71ycinp0', '10.106.56.6', 'Available', '2025-08-29 07:37:42.058', '2025-08-29 07:37:42.058'),
('cmewiswj000edfzmgj1ee5vmf', '10.106.56.7', 'Available', '2025-08-29 07:37:42.060', '2025-08-29 07:37:42.060'),
('cmewiswj300eefzmgyeh2qvx8', '10.106.56.8', 'Available', '2025-08-29 07:37:42.063', '2025-08-29 07:37:42.063'),
('cmewiswj600effzmg01409j55', '10.106.56.9', 'Available', '2025-08-29 07:37:42.066', '2025-08-29 07:37:42.066'),
('cmewiswja00egfzmgsscfptxa', '10.106.56.10', 'Available', '2025-08-29 07:37:42.070', '2025-08-29 07:37:42.070'),
('cmewiswjc00ehfzmgq3qnon0p', '10.106.56.11', 'Available', '2025-08-29 07:37:42.073', '2025-08-29 07:37:42.073'),
('cmewiswje00eifzmg2jys2tx8', '10.106.56.12', 'Available', '2025-08-29 07:37:42.075', '2025-08-29 07:37:42.075'),
('cmewiswjh00ejfzmg04tl5klq', '10.106.56.13', 'Available', '2025-08-29 07:37:42.077', '2025-08-29 07:37:42.077'),
('cmewiswjk00ekfzmg7xrjb4ev', '10.106.56.14', 'Available', '2025-08-29 07:37:42.081', '2025-08-29 07:37:42.081'),
('cmewiswjo00elfzmg1cyx4a5b', '10.106.56.15', 'Available', '2025-08-29 07:37:42.085', '2025-08-29 07:37:42.085'),
('cmewiswjs00emfzmgsyi613o7', '10.106.56.16', 'Available', '2025-08-29 07:37:42.088', '2025-08-29 07:37:42.088'),
('cmewiswjv00enfzmg447b9xu3', '10.106.56.17', 'Available', '2025-08-29 07:37:42.091', '2025-08-29 07:37:42.091'),
('cmewiswjx00eofzmg1jp3ehkf', '10.106.56.18', 'Available', '2025-08-29 07:37:42.094', '2025-08-29 07:37:42.094'),
('cmewiswk100epfzmgojlxxlei', '10.106.56.19', 'Available', '2025-08-29 07:37:42.097', '2025-08-29 07:37:42.097'),
('cmewiswk400eqfzmgh47oghcf', '10.106.56.20', 'Available', '2025-08-29 07:37:42.100', '2025-08-29 07:37:42.100'),
('cmewiswk700erfzmg1r1kzogy', '10.106.56.21', 'Available', '2025-08-29 07:37:42.104', '2025-08-29 07:37:42.104'),
('cmewiswkb00esfzmg5s53f8zw', '10.106.56.22', 'Available', '2025-08-29 07:37:42.107', '2025-08-29 07:37:42.107'),
('cmewiswke00etfzmg0b7emtwd', '10.106.56.23', 'Available', '2025-08-29 07:37:42.110', '2025-08-29 07:37:42.110'),
('cmewiswkh00eufzmgccaldkql', '10.106.56.24', 'Available', '2025-08-29 07:37:42.113', '2025-08-29 07:37:42.113'),
('cmewiswkl00evfzmgczay1mxg', '10.106.56.25', 'Available', '2025-08-29 07:37:42.118', '2025-08-29 07:37:42.118'),
('cmewiswko00ewfzmgej13qngo', '10.106.56.26', 'Available', '2025-08-29 07:37:42.121', '2025-08-29 07:37:42.121'),
('cmewiswks00exfzmgk3uu5hl1', '10.106.56.27', 'Available', '2025-08-29 07:37:42.124', '2025-08-29 07:37:42.124'),
('cmewiswkv00eyfzmgfcpdbsko', '10.106.56.28', 'Available', '2025-08-29 07:37:42.128', '2025-08-29 07:37:42.128'),
('cmewiswkx00ezfzmgu9anmnn4', '10.106.56.29', 'Available', '2025-08-29 07:37:42.130', '2025-08-29 07:37:42.130'),
('cmewiswl000f0fzmgkgb89fit', '10.106.56.30', 'Available', '2025-08-29 07:37:42.133', '2025-08-29 07:37:42.133'),
('cmewiswl300f1fzmgqshqcd59', '10.106.56.31', 'Available', '2025-08-29 07:37:42.136', '2025-08-29 07:37:42.136'),
('cmewiswl600f2fzmgcmmkbkqz', '10.106.56.32', 'Available', '2025-08-29 07:37:42.138', '2025-08-29 07:37:42.138'),
('cmewiswl800f3fzmgbwi40dtw', '10.106.56.33', 'Available', '2025-08-29 07:37:42.141', '2025-08-29 07:37:42.141'),
('cmewiswla00f4fzmgsqugxxm0', '10.106.56.34', 'Available', '2025-08-29 07:37:42.143', '2025-08-29 07:37:42.143'),
('cmewiswld00f5fzmgbmgp3rc2', '10.106.56.35', 'Available', '2025-08-29 07:37:42.146', '2025-08-29 07:37:42.146'),
('cmewiswlf00f6fzmguzo9fm6h', '10.106.56.36', 'Available', '2025-08-29 07:37:42.148', '2025-08-29 07:37:42.148'),
('cmewiswlh00f7fzmgqwu3j3r1', '10.106.56.37', 'Available', '2025-08-29 07:37:42.150', '2025-08-29 07:37:42.150'),
('cmewiswlk00f8fzmg3apxl2ov', '10.106.56.38', 'Available', '2025-08-29 07:37:42.153', '2025-08-29 07:37:42.153'),
('cmewiswlo00f9fzmgu1ky5x4x', '10.106.56.39', 'Available', '2025-08-29 07:37:42.156', '2025-08-29 07:37:42.156'),
('cmewiswlr00fafzmga6opqkih', '10.106.56.40', 'Available', '2025-08-29 07:37:42.159', '2025-08-29 07:37:42.159'),
('cmewiswlu00fbfzmg7jvmxr6x', '10.106.56.41', 'Available', '2025-08-29 07:37:42.162', '2025-08-29 07:37:42.162'),
('cmewiswlx00fcfzmgtiu2hhsi', '10.106.56.42', 'Available', '2025-08-29 07:37:42.165', '2025-08-29 07:37:42.165'),
('cmewiswm000fdfzmgamirxds5', '10.106.56.43', 'Available', '2025-08-29 07:37:42.169', '2025-08-29 07:37:42.169'),
('cmewiswm300fefzmg1wato8to', '10.106.56.44', 'Available', '2025-08-29 07:37:42.172', '2025-08-29 07:37:42.172'),
('cmewiswm700fffzmgnql1roiz', '10.106.56.45', 'Available', '2025-08-29 07:37:42.175', '2025-08-29 07:37:42.175'),
('cmewiswma00fgfzmg9y03xme9', '10.106.56.46', 'Available', '2025-08-29 07:37:42.178', '2025-08-29 07:37:42.178'),
('cmewiswme00fhfzmgyrsvl619', '10.106.56.47', 'Available', '2025-08-29 07:37:42.182', '2025-08-29 07:37:42.182'),
('cmewiswmh00fifzmg1ijx9lxr', '10.106.56.48', 'Available', '2025-08-29 07:37:42.185', '2025-08-29 07:37:42.185'),
('cmewiswmk00fjfzmg61pvfl4a', '10.106.56.49', 'Available', '2025-08-29 07:37:42.188', '2025-08-29 07:37:42.188'),
('cmewiswmm00fkfzmgrebl87iy', '10.106.56.50', 'Available', '2025-08-29 07:37:42.191', '2025-08-29 07:37:42.191'),
('cmewiswmp00flfzmg72ntm1g0', '10.106.56.51', 'Available', '2025-08-29 07:37:42.194', '2025-08-29 07:37:42.194'),
('cmewiswms00fmfzmgbwbexyc9', '10.106.56.52', 'Available', '2025-08-29 07:37:42.197', '2025-08-29 07:37:42.197'),
('cmewiswmw00fnfzmgwl2pkenx', '10.106.56.53', 'Available', '2025-08-29 07:37:42.200', '2025-08-29 07:37:42.200'),
('cmewiswmy00fofzmg0avtf14p', '10.106.56.54', 'Available', '2025-08-29 07:37:42.203', '2025-08-29 07:37:42.203'),
('cmewiswn100fpfzmggde36rgm', '10.106.56.55', 'Available', '2025-08-29 07:37:42.206', '2025-08-29 07:37:42.206'),
('cmewiswn400fqfzmgyy9r4lrd', '10.106.56.56', 'Available', '2025-08-29 07:37:42.208', '2025-08-29 07:37:42.208'),
('cmewiswn700frfzmg0vfyio49', '10.106.56.57', 'Available', '2025-08-29 07:37:42.211', '2025-08-29 07:37:42.211'),
('cmewiswnb00fsfzmgx4hi3m59', '10.106.56.58', 'Available', '2025-08-29 07:37:42.215', '2025-08-29 07:37:42.215'),
('cmewiswne00ftfzmggwdbn47y', '10.106.56.59', 'Available', '2025-08-29 07:37:42.218', '2025-08-29 07:37:42.218'),
('cmewiswnh00fufzmgq12he0vd', '10.106.56.60', 'Available', '2025-08-29 07:37:42.221', '2025-08-29 07:37:42.221'),
('cmewiswnk00fvfzmgvvxbfh4z', '10.106.56.61', 'Available', '2025-08-29 07:37:42.224', '2025-08-29 07:37:42.224'),
('cmewiswnm00fwfzmgwm59vqvf', '10.106.56.62', 'Available', '2025-08-29 07:37:42.227', '2025-08-29 07:37:42.227'),
('cmewiswno00fxfzmgubdr9388', '10.106.56.63', 'Available', '2025-08-29 07:37:42.229', '2025-08-29 07:37:42.229'),
('cmewiswnr00fyfzmg8pmjzsar', '10.106.56.64', 'Available', '2025-08-29 07:37:42.232', '2025-08-29 07:37:42.232'),
('cmewiswnt00fzfzmgldrr8mk6', '10.106.56.65', 'Available', '2025-08-29 07:37:42.234', '2025-08-29 07:37:42.234'),
('cmewiswnw00g0fzmggizv75mo', '10.106.56.66', 'Available', '2025-08-29 07:37:42.237', '2025-08-29 07:37:42.237'),
('cmewiswnz00g1fzmgqvnd8yis', '10.106.56.67', 'Available', '2025-08-29 07:37:42.239', '2025-08-29 07:37:42.239'),
('cmewiswo200g2fzmg6gibqa6j', '10.106.56.68', 'Available', '2025-08-29 07:37:42.242', '2025-08-29 07:37:42.242'),
('cmewiswo300g3fzmg279gbfbz', '10.106.56.69', 'Available', '2025-08-29 07:37:42.244', '2025-08-29 07:37:42.244'),
('cmewiswo600g4fzmgqgh65vta', '10.106.56.70', 'Available', '2025-08-29 07:37:42.247', '2025-08-29 07:37:42.247'),
('cmewiswo800g5fzmgpte0aoxd', '10.106.56.71', 'Available', '2025-08-29 07:37:42.248', '2025-08-29 07:37:42.248'),
('cmewiswoa00g6fzmg9gwyqhmy', '10.106.56.72', 'Available', '2025-08-29 07:37:42.250', '2025-08-29 07:37:42.250'),
('cmewiswod00g7fzmg2t0cgq6t', '10.106.56.73', 'Available', '2025-08-29 07:37:42.254', '2025-08-29 07:37:42.254'),
('cmewiswog00g8fzmgp5rf553f', '10.106.56.74', 'Available', '2025-08-29 07:37:42.257', '2025-08-29 07:37:42.257'),
('cmewiswoj00g9fzmgidgvibdq', '10.106.56.75', 'Available', '2025-08-29 07:37:42.259', '2025-08-29 07:37:42.259'),
('cmewiswol00gafzmgqa8hfh2h', '10.106.56.76', 'Available', '2025-08-29 07:37:42.262', '2025-08-29 07:37:42.262'),
('cmewiswoo00gbfzmgd9l8b2lo', '10.106.56.77', 'Available', '2025-08-29 07:37:42.265', '2025-08-29 07:37:42.265'),
('cmewiswor00gcfzmga3gmlyxf', '10.106.56.78', 'Available', '2025-08-29 07:37:42.268', '2025-08-29 07:37:42.268'),
('cmewiswou00gdfzmg1a0mkorc', '10.106.56.79', 'Available', '2025-08-29 07:37:42.271', '2025-08-29 07:37:42.271'),
('cmewiswox00gefzmgb22njeyt', '10.106.56.80', 'Available', '2025-08-29 07:37:42.274', '2025-08-29 07:37:42.274'),
('cmewiswoz00gffzmgd01q7ke6', '10.106.56.81', 'Available', '2025-08-29 07:37:42.276', '2025-08-29 07:37:42.276'),
('cmewiswp100ggfzmg0wyh0ok3', '10.106.56.82', 'Available', '2025-08-29 07:37:42.278', '2025-08-29 07:37:42.278'),
('cmewiswp400ghfzmgladlgupn', '10.106.56.83', 'Available', '2025-08-29 07:37:42.280', '2025-08-29 07:37:42.280'),
('cmewiswp700gifzmgzicci9lg', '10.106.56.84', 'Available', '2025-08-29 07:37:42.284', '2025-08-29 07:37:42.284'),
('cmewiswpa00gjfzmg9gvdrawh', '10.106.56.85', 'Available', '2025-08-29 07:37:42.287', '2025-08-29 07:37:42.287'),
('cmewiswpd00gkfzmgk1p0sv71', '10.106.56.86', 'Available', '2025-08-29 07:37:42.290', '2025-08-29 07:37:42.290'),
('cmewiswpg00glfzmgap8byc2j', '10.106.56.87', 'Available', '2025-08-29 07:37:42.293', '2025-08-29 07:37:42.293'),
('cmewiswpj00gmfzmgj2ag1ma8', '10.106.56.88', 'Available', '2025-08-29 07:37:42.296', '2025-08-29 07:37:42.296'),
('cmewiswpm00gnfzmgwkcfg5rd', '10.106.56.89', 'Available', '2025-08-29 07:37:42.298', '2025-08-29 07:37:42.298'),
('cmewiswpp00gofzmgqa15ieka', '10.106.56.90', 'Available', '2025-08-29 07:37:42.302', '2025-08-29 07:37:42.302'),
('cmewiswpu00gpfzmgq81y7rg6', '10.106.56.91', 'Available', '2025-08-29 07:37:42.306', '2025-08-29 07:37:42.306'),
('cmewiswpx00gqfzmgjrmn5aug', '10.106.56.92', 'Available', '2025-08-29 07:37:42.309', '2025-08-29 07:37:42.309'),
('cmewiswq000grfzmgloezd2tn', '10.106.56.93', 'Available', '2025-08-29 07:37:42.312', '2025-08-29 07:37:42.312'),
('cmewiswq300gsfzmgxqto8mo1', '10.106.56.94', 'Available', '2025-08-29 07:37:42.316', '2025-08-29 07:37:42.316'),
('cmewiswq700gtfzmg6efahrms', '10.106.56.95', 'Available', '2025-08-29 07:37:42.319', '2025-08-29 07:37:42.319'),
('cmewiswqa00gufzmgcwy4e5av', '10.106.56.96', 'Available', '2025-08-29 07:37:42.322', '2025-08-29 07:37:42.322'),
('cmewiswqd00gvfzmg06sct7z6', '10.106.56.97', 'Available', '2025-08-29 07:37:42.325', '2025-08-29 07:37:42.325'),
('cmewiswqg00gwfzmgmfl2zym0', '10.106.56.98', 'Available', '2025-08-29 07:37:42.328', '2025-08-29 07:37:42.328'),
('cmewiswqi00gxfzmg3p3pwhkl', '10.106.56.99', 'Available', '2025-08-29 07:37:42.330', '2025-08-29 07:37:42.330'),
('cmewiswql00gyfzmgiecrdgd7', '10.106.56.100', 'Available', '2025-08-29 07:37:42.333', '2025-08-29 07:37:42.333'),
('cmewiswqn00gzfzmg9cfkikl8', '10.106.56.101', 'Available', '2025-08-29 07:37:42.335', '2025-08-29 07:37:42.335'),
('cmewiswqq00h0fzmg81fqv8my', '10.106.56.102', 'Available', '2025-08-29 07:37:42.339', '2025-08-29 07:37:42.339'),
('cmewiswqs00h1fzmg36fvmhrv', '10.106.56.103', 'Available', '2025-08-29 07:37:42.341', '2025-08-29 07:37:42.341'),
('cmewiswqv00h2fzmgsy15kq1g', '10.106.56.104', 'Available', '2025-08-29 07:37:42.343', '2025-08-29 07:37:42.343'),
('cmewiswqx00h3fzmgv4krtcli', '10.106.56.105', 'Available', '2025-08-29 07:37:42.346', '2025-08-29 07:37:42.346'),
('cmewiswr100h4fzmglk2nab8y', '10.106.56.106', 'Available', '2025-08-29 07:37:42.349', '2025-08-29 07:37:42.349'),
('cmewiswr400h5fzmgcohx47nw', '10.106.56.107', 'Available', '2025-08-29 07:37:42.352', '2025-08-29 07:37:42.352'),
('cmewiswr700h6fzmg48n2s3ly', '10.106.56.108', 'Available', '2025-08-29 07:37:42.356', '2025-08-29 07:37:42.356'),
('cmewiswrc00h7fzmgixcrsj0u', '10.106.56.109', 'Available', '2025-08-29 07:37:42.361', '2025-08-29 07:37:42.361'),
('cmewiswrg00h8fzmgm1cdd26r', '10.106.56.110', 'Available', '2025-08-29 07:37:42.364', '2025-08-29 07:37:42.364'),
('cmewiswrj00h9fzmgns4y9j76', '10.106.56.111', 'Available', '2025-08-29 07:37:42.367', '2025-08-29 07:37:42.367'),
('cmewiswrm00hafzmgrqtlgiks', '10.106.56.112', 'Available', '2025-08-29 07:37:42.370', '2025-08-29 07:37:42.370'),
('cmewiswro00hbfzmgnsvmf646', '10.106.56.113', 'Available', '2025-08-29 07:37:42.373', '2025-08-29 07:37:42.373'),
('cmewiswrq00hcfzmg9s43bsfl', '10.106.56.114', 'Available', '2025-08-29 07:37:42.375', '2025-08-29 07:37:42.375'),
('cmewiswrt00hdfzmges42c4y8', '10.106.56.115', 'Available', '2025-08-29 07:37:42.377', '2025-08-29 07:37:42.377'),
('cmewiswrv00hefzmgz1py0v6t', '10.106.56.116', 'Available', '2025-08-29 07:37:42.379', '2025-08-29 07:37:42.379'),
('cmewiswrw00hffzmgs8gwtexn', '10.106.56.117', 'Available', '2025-08-29 07:37:42.381', '2025-08-29 07:37:42.381'),
('cmewiswry00hgfzmgqb82g15r', '10.106.56.118', 'Available', '2025-08-29 07:37:42.383', '2025-08-29 07:37:42.383'),
('cmewisws000hhfzmgidqphvf8', '10.106.56.119', 'Available', '2025-08-29 07:37:42.385', '2025-08-29 07:37:42.385'),
('cmewisws300hifzmgo2tj5gw5', '10.106.56.120', 'Available', '2025-08-29 07:37:42.387', '2025-08-29 07:37:42.387'),
('cmewisws500hjfzmgkdh6eo0b', '10.106.56.121', 'Available', '2025-08-29 07:37:42.389', '2025-08-29 07:37:42.389'),
('cmewisws700hkfzmglxkx3tof', '10.106.56.122', 'Available', '2025-08-29 07:37:42.391', '2025-08-29 07:37:42.391'),
('cmewisws800hlfzmg7i9rcex6', '10.106.56.123', 'Available', '2025-08-29 07:37:42.393', '2025-08-29 07:37:42.393'),
('cmewiswsa00hmfzmg81frhevl', '10.106.56.124', 'Available', '2025-08-29 07:37:42.394', '2025-08-29 07:37:42.394'),
('cmewiswsc00hnfzmg7c9q13ti', '10.106.56.125', 'Available', '2025-08-29 07:37:42.397', '2025-08-29 07:37:42.397'),
('cmewiswse00hofzmgvujtujtv', '10.106.56.126', 'Available', '2025-08-29 07:37:42.399', '2025-08-29 07:37:42.399'),
('cmewiswsh00hpfzmgheoxgf8r', '10.106.56.127', 'Available', '2025-08-29 07:37:42.402', '2025-08-29 07:37:42.402'),
('cmewiswsk00hqfzmgwa8abxal', '10.106.56.128', 'Available', '2025-08-29 07:37:42.404', '2025-08-29 07:37:42.404'),
('cmewiswsm00hrfzmglfkzctku', '10.106.56.129', 'Available', '2025-08-29 07:37:42.407', '2025-08-29 07:37:42.407'),
('cmewiswsp00hsfzmgjg0247vf', '10.106.56.130', 'Available', '2025-08-29 07:37:42.409', '2025-08-29 07:37:42.409'),
('cmewiswsr00htfzmg10u9o5ld', '10.106.56.131', 'Available', '2025-08-29 07:37:42.411', '2025-08-29 07:37:42.411'),
('cmewiswst00hufzmghbefhuai', '10.106.56.132', 'Available', '2025-08-29 07:37:42.413', '2025-08-29 07:37:42.413'),
('cmewiswsv00hvfzmg2nrr2ph8', '10.106.56.133', 'Available', '2025-08-29 07:37:42.415', '2025-08-29 07:37:42.415'),
('cmewiswsx00hwfzmgr5sv4k7x', '10.106.56.134', 'Available', '2025-08-29 07:37:42.418', '2025-08-29 07:37:42.418'),
('cmewiswt000hxfzmg26lrmbou', '10.106.56.135', 'Available', '2025-08-29 07:37:42.420', '2025-08-29 07:37:42.420'),
('cmewiswt200hyfzmglli4k52a', '10.106.56.136', 'Available', '2025-08-29 07:37:42.422', '2025-08-29 07:37:42.422'),
('cmewiswt400hzfzmgolbk0q56', '10.106.56.137', 'Available', '2025-08-29 07:37:42.424', '2025-08-29 07:37:42.424'),
('cmewiswt600i0fzmgbmci8h8s', '10.106.56.138', 'Available', '2025-08-29 07:37:42.426', '2025-08-29 07:37:42.426'),
('cmewiswt800i1fzmg6srqzmwq', '10.106.56.139', 'Available', '2025-08-29 07:37:42.428', '2025-08-29 07:37:42.428'),
('cmewiswta00i2fzmg84t7vnx2', '10.106.56.140', 'Available', '2025-08-29 07:37:42.430', '2025-08-29 07:37:42.430'),
('cmewiswtc00i3fzmgp2ogff22', '10.106.56.141', 'Available', '2025-08-29 07:37:42.432', '2025-08-29 07:37:42.432'),
('cmewiswte00i4fzmgo7x13wmb', '10.106.56.142', 'Available', '2025-08-29 07:37:42.434', '2025-08-29 07:37:42.434'),
('cmewiswtf00i5fzmglfujv23d', '10.106.56.143', 'Available', '2025-08-29 07:37:42.436', '2025-08-29 07:37:42.436'),
('cmewiswti00i6fzmg0pwdblf2', '10.106.56.144', 'Available', '2025-08-29 07:37:42.439', '2025-08-29 07:37:42.439'),
('cmewiswtk00i7fzmg14imry6h', '10.106.56.145', 'Available', '2025-08-29 07:37:42.441', '2025-08-29 07:37:42.441'),
('cmewiswtm00i8fzmgwf9suzdd', '10.106.56.146', 'Available', '2025-08-29 07:37:42.442', '2025-08-29 07:37:42.442'),
('cmewiswto00i9fzmg60y2jxcl', '10.106.56.147', 'Available', '2025-08-29 07:37:42.444', '2025-08-29 07:37:42.444'),
('cmewiswtq00iafzmgu47heoqp', '10.106.56.148', 'Available', '2025-08-29 07:37:42.447', '2025-08-29 07:37:42.447'),
('cmewiswts00ibfzmglqsw8ak8', '10.106.56.149', 'Available', '2025-08-29 07:37:42.449', '2025-08-29 07:37:42.449'),
('cmewiswtv00icfzmgmzse1rpr', '10.106.56.150', 'Available', '2025-08-29 07:37:42.451', '2025-08-29 07:37:42.451'),
('cmewiswtx00idfzmgdih4113h', '10.106.56.151', 'Available', '2025-08-29 07:37:42.454', '2025-08-29 07:37:42.454'),
('cmewiswtz00iefzmgkaxc2kv9', '10.106.56.152', 'Available', '2025-08-29 07:37:42.456', '2025-08-29 07:37:42.456'),
('cmewiswu200iffzmgolqxh1bg', '10.106.56.153', 'Available', '2025-08-29 07:37:42.458', '2025-08-29 07:37:42.458'),
('cmewiswu500igfzmgedxuh393', '10.106.56.154', 'Available', '2025-08-29 07:37:42.461', '2025-08-29 07:37:42.461'),
('cmewiswu700ihfzmgnydki28w', '10.106.56.155', 'Available', '2025-08-29 07:37:42.463', '2025-08-29 07:37:42.463'),
('cmewiswu900iifzmg4pzbakzy', '10.106.56.156', 'Available', '2025-08-29 07:37:42.465', '2025-08-29 07:37:42.465'),
('cmewiswub00ijfzmgmlilb7vt', '10.106.56.157', 'Available', '2025-08-29 07:37:42.468', '2025-08-29 07:37:42.468'),
('cmewiswue00ikfzmg6mygjucm', '10.106.56.158', 'Available', '2025-08-29 07:37:42.470', '2025-08-29 07:37:42.470'),
('cmewiswug00ilfzmgc7ze56gc', '10.106.56.159', 'Available', '2025-08-29 07:37:42.473', '2025-08-29 07:37:42.473'),
('cmewiswuj00imfzmgia3xsc06', '10.106.56.160', 'Available', '2025-08-29 07:37:42.475', '2025-08-29 07:37:42.475'),
('cmewiswul00infzmgyzm9drei', '10.106.56.161', 'Available', '2025-08-29 07:37:42.478', '2025-08-29 07:37:42.478'),
('cmewiswuo00iofzmgksot743z', '10.106.56.162', 'Available', '2025-08-29 07:37:42.480', '2025-08-29 07:37:42.480'),
('cmewiswuq00ipfzmgeb5734pz', '10.106.56.163', 'Available', '2025-08-29 07:37:42.482', '2025-08-29 07:37:42.482'),
('cmewiswus00iqfzmgqg48tth6', '10.106.56.164', 'Available', '2025-08-29 07:37:42.484', '2025-08-29 07:37:42.484'),
('cmewiswut00irfzmgyluou0qn', '10.106.56.165', 'Available', '2025-08-29 07:37:42.486', '2025-08-29 07:37:42.486'),
('cmewiswuv00isfzmgdjx60utr', '10.106.56.166', 'Available', '2025-08-29 07:37:42.488', '2025-08-29 07:37:42.488'),
('cmewiswux00itfzmgxhfnf8ij', '10.106.56.167', 'Available', '2025-08-29 07:37:42.490', '2025-08-29 07:37:42.490'),
('cmewiswuz00iufzmg6qi6t3uu', '10.106.56.168', 'Available', '2025-08-29 07:37:42.491', '2025-08-29 07:37:42.491'),
('cmewiswv100ivfzmggdxzcwwn', '10.106.56.169', 'Available', '2025-08-29 07:37:42.493', '2025-08-29 07:37:42.493'),
('cmewiswv300iwfzmgeig0ey19', '10.106.56.170', 'Available', '2025-08-29 07:37:42.496', '2025-08-29 07:37:42.496'),
('cmewiswv500ixfzmgdnunxlth', '10.106.56.171', 'Available', '2025-08-29 07:37:42.497', '2025-08-29 07:37:42.497'),
('cmewiswv700iyfzmg5qy3gxwx', '10.106.56.172', 'Available', '2025-08-29 07:37:42.499', '2025-08-29 07:37:42.499'),
('cmewiswv800izfzmghc94oh0j', '10.106.56.173', 'Available', '2025-08-29 07:37:42.501', '2025-08-29 07:37:42.501'),
('cmewiswva00j0fzmgoyhasxlq', '10.106.56.174', 'Available', '2025-08-29 07:37:42.503', '2025-08-29 07:37:42.503'),
('cmewiswvc00j1fzmgycditpv9', '10.106.56.175', 'Available', '2025-08-29 07:37:42.505', '2025-08-29 07:37:42.505'),
('cmewiswve00j2fzmgzf1empx3', '10.106.56.176', 'Available', '2025-08-29 07:37:42.506', '2025-08-29 07:37:42.506'),
('cmewiswvg00j3fzmgf71bzbq7', '10.106.56.177', 'Available', '2025-08-29 07:37:42.508', '2025-08-29 07:37:42.508'),
('cmewiswvi00j4fzmg2idlll06', '10.106.56.178', 'Available', '2025-08-29 07:37:42.510', '2025-08-29 07:37:42.510'),
('cmewiswvk00j5fzmggwq1iiqk', '10.106.56.179', 'Available', '2025-08-29 07:37:42.512', '2025-08-29 07:37:42.512'),
('cmewiswvl00j6fzmg7j7ad2m5', '10.106.56.180', 'Available', '2025-08-29 07:37:42.514', '2025-08-29 07:37:42.514'),
('cmewiswvn00j7fzmg4unh54mw', '10.106.56.181', 'Available', '2025-08-29 07:37:42.516', '2025-08-29 07:37:42.516'),
('cmewiswvp00j8fzmgl91i34rv', '10.106.56.182', 'Available', '2025-08-29 07:37:42.517', '2025-08-29 07:37:42.517'),
('cmewiswvq00j9fzmgdgejkjgr', '10.106.56.183', 'Available', '2025-08-29 07:37:42.519', '2025-08-29 07:37:42.519'),
('cmewiswvt00jafzmgnht2mpyi', '10.106.56.184', 'Available', '2025-08-29 07:37:42.521', '2025-08-29 07:37:42.521'),
('cmewiswvu00jbfzmgw8wuq9g0', '10.106.56.185', 'Available', '2025-08-29 07:37:42.523', '2025-08-29 07:37:42.523'),
('cmewiswvw00jcfzmgzf7uastx', '10.106.56.186', 'Available', '2025-08-29 07:37:42.525', '2025-08-29 07:37:42.525'),
('cmewiswvz00jdfzmgxgtgb024', '10.106.56.187', 'Available', '2025-08-29 07:37:42.527', '2025-08-29 07:37:42.527'),
('cmewisww000jefzmgwa3qrryq', '10.106.56.188', 'Available', '2025-08-29 07:37:42.529', '2025-08-29 07:37:42.529'),
('cmewisww200jffzmg5pbuhrvx', '10.106.56.189', 'Available', '2025-08-29 07:37:42.531', '2025-08-29 07:37:42.531');
INSERT INTO `ipaddress` (`id`, `ipAddress`, `status`, `createdAt`, `updatedAt`) VALUES
('cmewisww400jgfzmgyw2annnm', '10.106.56.190', 'Available', '2025-08-29 07:37:42.532', '2025-08-29 07:37:42.532'),
('cmewisww500jhfzmgfr3g4599', '10.106.56.191', 'Available', '2025-08-29 07:37:42.534', '2025-08-29 07:37:42.534'),
('cmewisww700jifzmgbj0z8mn7', '10.106.56.192', 'Available', '2025-08-29 07:37:42.536', '2025-08-29 07:37:42.536'),
('cmewisww900jjfzmgec4lgwyn', '10.106.56.193', 'Available', '2025-08-29 07:37:42.538', '2025-08-29 07:37:42.538'),
('cmewiswwb00jkfzmgx2f1q8fk', '10.106.56.194', 'Available', '2025-08-29 07:37:42.540', '2025-08-29 07:37:42.540'),
('cmewiswwd00jlfzmgdwavxk28', '10.106.56.195', 'Available', '2025-08-29 07:37:42.541', '2025-08-29 07:37:42.541'),
('cmewiswwf00jmfzmg1bgklhsj', '10.106.56.196', 'Available', '2025-08-29 07:37:42.543', '2025-08-29 07:37:42.543'),
('cmewiswwh00jnfzmghwf85n51', '10.106.56.197', 'Available', '2025-08-29 07:37:42.545', '2025-08-29 07:37:42.545'),
('cmewiswwj00jofzmgrxn0ady5', '10.106.56.198', 'Available', '2025-08-29 07:37:42.547', '2025-08-29 07:37:42.547'),
('cmewiswwl00jpfzmgn73j49bu', '10.106.56.199', 'Available', '2025-08-29 07:37:42.549', '2025-08-29 07:37:42.549'),
('cmewiswwm00jqfzmgwrazs1w1', '10.106.56.200', 'Available', '2025-08-29 07:37:42.551', '2025-08-29 07:37:42.551'),
('cmewiswwo00jrfzmgv39lv12y', '10.106.56.201', 'Available', '2025-08-29 07:37:42.552', '2025-08-29 07:37:42.552'),
('cmewiswwq00jsfzmgis48spk7', '10.106.56.202', 'Available', '2025-08-29 07:37:42.555', '2025-08-29 07:37:42.555'),
('cmewiswws00jtfzmgw8n869b5', '10.106.56.203', 'Available', '2025-08-29 07:37:42.556', '2025-08-29 07:37:42.556'),
('cmewiswwu00jufzmgs7vw1wkq', '10.106.56.204', 'Available', '2025-08-29 07:37:42.559', '2025-08-29 07:37:42.559'),
('cmewiswww00jvfzmgw4x23qh0', '10.106.56.205', 'Available', '2025-08-29 07:37:42.561', '2025-08-29 07:37:42.561'),
('cmewiswwy00jwfzmgfrn8k00v', '10.106.56.206', 'Available', '2025-08-29 07:37:42.562', '2025-08-29 07:37:42.562'),
('cmewiswx000jxfzmgrnbd7l6e', '10.106.56.207', 'Available', '2025-08-29 07:37:42.564', '2025-08-29 07:37:42.564'),
('cmewiswx100jyfzmgfhhucn4e', '10.106.56.208', 'Available', '2025-08-29 07:37:42.566', '2025-08-29 07:37:42.566'),
('cmewiswx300jzfzmgzbn3vuaz', '10.106.56.209', 'Available', '2025-08-29 07:37:42.567', '2025-08-29 07:37:42.567'),
('cmewiswx600k0fzmgc7mzrznl', '10.106.56.210', 'Available', '2025-08-29 07:37:42.571', '2025-08-29 07:37:42.571'),
('cmewiswx800k1fzmg6zm6vzvl', '10.106.56.211', 'Available', '2025-08-29 07:37:42.572', '2025-08-29 07:37:42.572'),
('cmewiswxa00k2fzmguro3m19e', '10.106.56.212', 'Available', '2025-08-29 07:37:42.574', '2025-08-29 07:37:42.574'),
('cmewiswxc00k3fzmghi1an62e', '10.106.56.213', 'Available', '2025-08-29 07:37:42.576', '2025-08-29 07:37:42.576'),
('cmewiswxd00k4fzmgdyozesl4', '10.106.56.214', 'Available', '2025-08-29 07:37:42.578', '2025-08-29 07:37:42.578'),
('cmewiswxf00k5fzmgu9dabz3b', '10.106.56.215', 'Available', '2025-08-29 07:37:42.579', '2025-08-29 07:37:42.579'),
('cmewiswxh00k6fzmgij8s88au', '10.106.56.216', 'Available', '2025-08-29 07:37:42.581', '2025-08-29 07:37:42.581'),
('cmewiswxi00k7fzmgyhttcvu4', '10.106.56.217', 'Available', '2025-08-29 07:37:42.583', '2025-08-29 07:37:42.583'),
('cmewiswxk00k8fzmgv48ar0j8', '10.106.56.218', 'Available', '2025-08-29 07:37:42.584', '2025-08-29 07:37:42.584'),
('cmewiswxl00k9fzmg19ydnhng', '10.106.56.219', 'Available', '2025-08-29 07:37:42.586', '2025-08-29 07:37:42.586'),
('cmewiswxo00kafzmgx5fdbhtj', '10.106.56.220', 'Available', '2025-08-29 07:37:42.588', '2025-08-29 07:37:42.588'),
('cmewiswxq00kbfzmgyxr74nd3', '10.106.56.221', 'Available', '2025-08-29 07:37:42.590', '2025-08-29 07:37:42.590'),
('cmewiswxr00kcfzmgik31b24f', '10.106.56.222', 'Available', '2025-08-29 07:37:42.592', '2025-08-29 07:37:42.592'),
('cmewiswxt00kdfzmgzl4bc4ne', '10.106.56.223', 'Available', '2025-08-29 07:37:42.593', '2025-08-29 07:37:42.593'),
('cmewiswxv00kefzmgfcirnnz9', '10.106.56.224', 'Available', '2025-08-29 07:37:42.595', '2025-08-29 07:37:42.595'),
('cmewiswxx00kffzmgyb84o6rw', '10.106.56.225', 'Available', '2025-08-29 07:37:42.597', '2025-08-29 07:37:42.597'),
('cmewiswxy00kgfzmgtkej82d3', '10.106.56.226', 'Available', '2025-08-29 07:37:42.599', '2025-08-29 07:37:42.599'),
('cmewiswy000khfzmggkofdmu1', '10.106.56.227', 'Available', '2025-08-29 07:37:42.600', '2025-08-29 07:37:42.600'),
('cmewiswy200kifzmg51kkltiw', '10.106.56.228', 'Available', '2025-08-29 07:37:42.602', '2025-08-29 07:37:42.602'),
('cmewiswy400kjfzmgamrku9md', '10.106.56.229', 'Available', '2025-08-29 07:37:42.604', '2025-08-29 07:37:42.604'),
('cmewiswy600kkfzmgf8c8ry1u', '10.106.56.230', 'Available', '2025-08-29 07:37:42.606', '2025-08-29 07:37:42.606'),
('cmewiswy800klfzmgkwsj0crk', '10.106.56.231', 'Available', '2025-08-29 07:37:42.608', '2025-08-29 07:37:42.608'),
('cmewiswy900kmfzmgtt287s27', '10.106.56.232', 'Available', '2025-08-29 07:37:42.610', '2025-08-29 07:37:42.610'),
('cmewiswyb00knfzmg4sq34299', '10.106.56.233', 'Available', '2025-08-29 07:37:42.612', '2025-08-29 07:37:42.612'),
('cmewiswyd00kofzmgghcfxzdi', '10.106.56.234', 'Available', '2025-08-29 07:37:42.613', '2025-08-29 07:37:42.613'),
('cmewiswyf00kpfzmgi8be2z5s', '10.106.56.235', 'Available', '2025-08-29 07:37:42.615', '2025-08-29 07:37:42.615'),
('cmewiswyg00kqfzmgmwuevlf2', '10.106.56.236', 'Available', '2025-08-29 07:37:42.617', '2025-08-29 07:37:42.617'),
('cmewiswyi00krfzmgjpwz86r7', '10.106.56.237', 'Available', '2025-08-29 07:37:42.618', '2025-08-29 07:37:42.618'),
('cmewiswyk00ksfzmg0fg7ejwr', '10.106.56.238', 'Available', '2025-08-29 07:37:42.621', '2025-08-29 07:37:42.621'),
('cmewiswym00ktfzmgwv3xu8i9', '10.106.56.239', 'Available', '2025-08-29 07:37:42.623', '2025-08-29 07:37:42.623'),
('cmewiswyo00kufzmgldfh63pk', '10.106.56.240', 'Available', '2025-08-29 07:37:42.624', '2025-08-29 07:37:42.624'),
('cmewiswyq00kvfzmg83eliote', '10.106.56.241', 'Available', '2025-08-29 07:37:42.626', '2025-08-29 07:37:42.626'),
('cmewiswyr00kwfzmgf3pyaab6', '10.106.56.242', 'Available', '2025-08-29 07:37:42.628', '2025-08-29 07:37:42.628'),
('cmewiswyt00kxfzmgjzsvagd8', '10.106.56.243', 'Available', '2025-08-29 07:37:42.629', '2025-08-29 07:37:42.629'),
('cmewiswyv00kyfzmglkmiy6l5', '10.106.56.244', 'Available', '2025-08-29 07:37:42.631', '2025-08-29 07:37:42.631'),
('cmewiswyw00kzfzmgols6vl4y', '10.106.56.245', 'Available', '2025-08-29 07:37:42.633', '2025-08-29 07:37:42.633'),
('cmewiswyy00l0fzmgxlk3m8k2', '10.106.56.246', 'Available', '2025-08-29 07:37:42.634', '2025-08-29 07:37:42.634'),
('cmewiswz000l1fzmgifgfgz6b', '10.106.56.247', 'Available', '2025-08-29 07:37:42.636', '2025-08-29 07:37:42.636'),
('cmewiswz200l2fzmgeox2edtg', '10.106.56.248', 'Available', '2025-08-29 07:37:42.638', '2025-08-29 07:37:42.638'),
('cmewiswz400l3fzmgueeibu7s', '10.106.56.249', 'Available', '2025-08-29 07:37:42.640', '2025-08-29 07:37:42.640'),
('cmewiswz500l4fzmgvi20rcsh', '10.106.56.250', 'Available', '2025-08-29 07:37:42.642', '2025-08-29 07:37:42.642'),
('cmewiswz700l5fzmgmjgczq97', '10.106.56.251', 'Available', '2025-08-29 07:37:42.644', '2025-08-29 07:37:42.644'),
('cmewiswz900l6fzmg11c1x6ur', '10.106.56.252', 'Available', '2025-08-29 07:37:42.645', '2025-08-29 07:37:42.645'),
('cmewiswza00l7fzmg08oaizbv', '10.106.56.253', 'Available', '2025-08-29 07:37:42.647', '2025-08-29 07:37:42.647'),
('cmewiswzc00l8fzmgh2w7qrxs', '10.106.56.254', 'Available', '2025-08-29 07:37:42.648', '2025-08-29 07:37:42.648'),
('cmewiswze00l9fzmg29zb0quc', '10.106.57.1', 'Available', '2025-08-29 07:37:42.650', '2025-08-29 07:37:42.650'),
('cmewiswzf00lafzmgzm41r0z3', '10.106.57.2', 'Available', '2025-08-29 07:37:42.652', '2025-08-29 07:37:42.652'),
('cmewiswzi00lbfzmgnuci0tfp', '10.106.57.3', 'Available', '2025-08-29 07:37:42.654', '2025-08-29 07:37:42.654'),
('cmewiswzk00lcfzmgdyrq2aju', '10.106.57.4', 'Available', '2025-08-29 07:37:42.656', '2025-08-29 07:37:42.656'),
('cmewiswzm00ldfzmgjmgm867u', '10.106.57.5', 'Available', '2025-08-29 07:37:42.658', '2025-08-29 07:37:42.658'),
('cmewiswzn00lefzmgcflr7bks', '10.106.57.6', 'Available', '2025-08-29 07:37:42.660', '2025-08-29 07:37:42.660'),
('cmewiswzp00lffzmglfrov0bq', '10.106.57.7', 'Available', '2025-08-29 07:37:42.661', '2025-08-29 07:37:42.661'),
('cmewiswzq00lgfzmgcesxph02', '10.106.57.8', 'Available', '2025-08-29 07:37:42.663', '2025-08-29 07:37:42.663'),
('cmewiswzs00lhfzmg6vw8q9br', '10.106.57.9', 'Available', '2025-08-29 07:37:42.665', '2025-08-29 07:37:42.665'),
('cmewiswzu00lifzmgz5ivfbun', '10.106.57.10', 'Available', '2025-08-29 07:37:42.666', '2025-08-29 07:37:42.666'),
('cmewiswzw00ljfzmga59ktfke', '10.106.57.11', 'Available', '2025-08-29 07:37:42.668', '2025-08-29 07:37:42.668'),
('cmewiswzy00lkfzmgtejjp1g9', '10.106.57.12', 'Available', '2025-08-29 07:37:42.670', '2025-08-29 07:37:42.670'),
('cmewisx0000llfzmgwmznvopa', '10.106.57.13', 'Available', '2025-08-29 07:37:42.672', '2025-08-29 07:37:42.672'),
('cmewisx0100lmfzmgeogvd0lz', '10.106.57.14', 'Available', '2025-08-29 07:37:42.674', '2025-08-29 07:37:42.674'),
('cmewisx0300lnfzmg4i4nydan', '10.106.57.15', 'Available', '2025-08-29 07:37:42.676', '2025-08-29 07:37:42.676'),
('cmewisx0500lofzmgbxxyh3e6', '10.106.57.16', 'Available', '2025-08-29 07:37:42.677', '2025-08-29 07:37:42.677'),
('cmewisx0700lpfzmgimtlkgjr', '10.106.57.17', 'Available', '2025-08-29 07:37:42.679', '2025-08-29 07:37:42.679'),
('cmewisx0800lqfzmgatlfm3pl', '10.106.57.18', 'Available', '2025-08-29 07:37:42.681', '2025-08-29 07:37:42.681'),
('cmewisx0a00lrfzmg3h07ds2k', '10.106.57.19', 'Available', '2025-08-29 07:37:42.682', '2025-08-29 07:37:42.682'),
('cmewisx0d00lsfzmgetyy7g6z', '10.106.57.20', 'Available', '2025-08-29 07:37:42.685', '2025-08-29 07:37:42.685'),
('cmewisx0f00ltfzmgcnn9gx3b', '10.106.57.21', 'Available', '2025-08-29 07:37:42.687', '2025-08-29 07:37:42.687'),
('cmewisx0h00lufzmgojuglhgu', '10.106.57.22', 'Available', '2025-08-29 07:37:42.689', '2025-08-29 07:37:42.689'),
('cmewisx0k00lvfzmg1nz9air3', '10.106.57.23', 'Available', '2025-08-29 07:37:42.692', '2025-08-29 07:37:42.692'),
('cmewisx0n00lwfzmgte72tgey', '10.106.57.24', 'Available', '2025-08-29 07:37:42.695', '2025-08-29 07:37:42.695'),
('cmewisx0q00lxfzmgx91urhp6', '10.106.57.25', 'Available', '2025-08-29 07:37:42.698', '2025-08-29 07:37:42.698'),
('cmewisx0t00lyfzmgrlm7momb', '10.106.57.26', 'Available', '2025-08-29 07:37:42.702', '2025-08-29 07:37:42.702'),
('cmewisx0w00lzfzmgvg7dq9vb', '10.106.57.27', 'Available', '2025-08-29 07:37:42.705', '2025-08-29 07:37:42.705'),
('cmewisx0z00m0fzmgsg4e745y', '10.106.57.28', 'Available', '2025-08-29 07:37:42.707', '2025-08-29 07:37:42.707'),
('cmewisx1100m1fzmgdniofnsf', '10.106.57.29', 'Available', '2025-08-29 07:37:42.709', '2025-08-29 07:37:42.709'),
('cmewisx1400m2fzmgn1twaec1', '10.106.57.30', 'Available', '2025-08-29 07:37:42.712', '2025-08-29 07:37:42.712'),
('cmewisx1700m3fzmgj5al8nun', '10.106.57.31', 'Available', '2025-08-29 07:37:42.715', '2025-08-29 07:37:42.715'),
('cmewisx1a00m4fzmglxfizcp7', '10.106.57.32', 'Available', '2025-08-29 07:37:42.718', '2025-08-29 07:37:42.718'),
('cmewisx1d00m5fzmgzabfziim', '10.106.57.33', 'Available', '2025-08-29 07:37:42.721', '2025-08-29 07:37:42.721'),
('cmewisx1f00m6fzmgs6s54lp5', '10.106.57.34', 'Available', '2025-08-29 07:37:42.723', '2025-08-29 07:37:42.723'),
('cmewisx1g00m7fzmg6rerxbm6', '10.106.57.35', 'Available', '2025-08-29 07:37:42.725', '2025-08-29 07:37:42.725'),
('cmewisx1j00m8fzmghjuhc74x', '10.106.57.36', 'Available', '2025-08-29 07:37:42.728', '2025-08-29 07:37:42.728'),
('cmewisx1l00m9fzmg9xxt0ur7', '10.106.57.37', 'Available', '2025-08-29 07:37:42.729', '2025-08-29 07:37:42.729'),
('cmewisx1n00mafzmgp7c7soqh', '10.106.57.38', 'Available', '2025-08-29 07:37:42.732', '2025-08-29 07:37:42.732'),
('cmewisx1q00mbfzmgekba1s82', '10.106.57.39', 'Available', '2025-08-29 07:37:42.734', '2025-08-29 07:37:42.734'),
('cmewisx1s00mcfzmga42jwc3x', '10.106.57.40', 'Available', '2025-08-29 07:37:42.736', '2025-08-29 07:37:42.736'),
('cmewisx1v00mdfzmgtrm6xob8', '10.106.57.41', 'Available', '2025-08-29 07:37:42.739', '2025-08-29 07:37:42.739'),
('cmewisx1y00mefzmgbpta6ogi', '10.106.57.42', 'Available', '2025-08-29 07:37:42.742', '2025-08-29 07:37:42.742'),
('cmewisx2100mffzmga2dupi7d', '10.106.57.43', 'Available', '2025-08-29 07:37:42.745', '2025-08-29 07:37:42.745'),
('cmewisx2300mgfzmgy5j9ksz8', '10.106.57.44', 'Available', '2025-08-29 07:37:42.748', '2025-08-29 07:37:42.748'),
('cmewisx2500mhfzmg1bfvt37e', '10.106.57.45', 'Available', '2025-08-29 07:37:42.750', '2025-08-29 07:37:42.750'),
('cmewisx2800mifzmg2ceu2cu3', '10.106.57.46', 'Available', '2025-08-29 07:37:42.752', '2025-08-29 07:37:42.752'),
('cmewisx2a00mjfzmg2adwza3n', '10.106.57.47', 'Available', '2025-08-29 07:37:42.754', '2025-08-29 07:37:42.754'),
('cmewisx2c00mkfzmg7g6m0ddt', '10.106.57.48', 'Available', '2025-08-29 07:37:42.757', '2025-08-29 07:37:42.757'),
('cmewisx2f00mlfzmgu0162d3k', '10.106.57.49', 'Available', '2025-08-29 07:37:42.759', '2025-08-29 07:37:42.759'),
('cmewisx2i00mmfzmgx6b8gi7s', '10.106.57.50', 'Available', '2025-08-29 07:37:42.762', '2025-08-29 07:37:42.762'),
('cmewisx2k00mnfzmgsdgwtl7q', '10.106.57.51', 'Available', '2025-08-29 07:37:42.765', '2025-08-29 07:37:42.765'),
('cmewisx2m00mofzmghulqsvf9', '10.106.57.52', 'Available', '2025-08-29 07:37:42.766', '2025-08-29 07:37:42.766'),
('cmewisx2p00mpfzmgbm3sdevt', '10.106.57.53', 'Available', '2025-08-29 07:37:42.769', '2025-08-29 07:37:42.769'),
('cmewisx2r00mqfzmgl2gxjzrw', '10.106.57.54', 'Available', '2025-08-29 07:37:42.771', '2025-08-29 07:37:42.771'),
('cmewisx2u00mrfzmgj3d0i3h4', '10.106.57.55', 'Available', '2025-08-29 07:37:42.774', '2025-08-29 07:37:42.774'),
('cmewisx2v00msfzmglc3tv24h', '10.106.57.56', 'Available', '2025-08-29 07:37:42.776', '2025-08-29 07:37:42.776'),
('cmewisx2z00mtfzmgywx7hvp1', '10.106.57.57', 'Available', '2025-08-29 07:37:42.780', '2025-08-29 07:37:42.780'),
('cmewisx3300mufzmg8hu8zitz', '10.106.57.58', 'Available', '2025-08-29 07:37:42.783', '2025-08-29 07:37:42.783'),
('cmewisx3700mvfzmglmxyvu9q', '10.106.57.59', 'Available', '2025-08-29 07:37:42.787', '2025-08-29 07:37:42.787'),
('cmewisx3b00mwfzmgqulxknow', '10.106.57.60', 'Available', '2025-08-29 07:37:42.792', '2025-08-29 07:37:42.792'),
('cmewisx3f00mxfzmgu3b7gwgm', '10.106.57.61', 'Available', '2025-08-29 07:37:42.795', '2025-08-29 07:37:42.795'),
('cmewisx3j00myfzmg4tzdykb4', '10.106.57.62', 'Available', '2025-08-29 07:37:42.799', '2025-08-29 07:37:42.799'),
('cmewisx3n00mzfzmgxdrza893', '10.106.57.63', 'Available', '2025-08-29 07:37:42.803', '2025-08-29 07:37:42.803'),
('cmewisx3q00n0fzmg7k0xvgd6', '10.106.57.64', 'Available', '2025-08-29 07:37:42.806', '2025-08-29 07:37:42.806'),
('cmewisx3t00n1fzmg06f23k13', '10.106.57.65', 'Available', '2025-08-29 07:37:42.809', '2025-08-29 07:37:42.809'),
('cmewisx3x00n2fzmgvl7a78bd', '10.106.57.66', 'Available', '2025-08-29 07:37:42.813', '2025-08-29 07:37:42.813'),
('cmewisx3z00n3fzmgel535m5x', '10.106.57.67', 'Available', '2025-08-29 07:37:42.816', '2025-08-29 07:37:42.816'),
('cmewisx4200n4fzmgkz6m6hhr', '10.106.57.68', 'Available', '2025-08-29 07:37:42.818', '2025-08-29 07:37:42.818'),
('cmewisx4400n5fzmgaj4y7ht9', '10.106.57.69', 'Available', '2025-08-29 07:37:42.820', '2025-08-29 07:37:42.820'),
('cmewisx4600n6fzmg6sfvri8k', '10.106.57.70', 'Available', '2025-08-29 07:37:42.822', '2025-08-29 07:37:42.822'),
('cmewisx4800n7fzmgvym74wsa', '10.106.57.71', 'Available', '2025-08-29 07:37:42.824', '2025-08-29 07:37:42.824'),
('cmewisx4a00n8fzmgtox16bxx', '10.106.57.72', 'Available', '2025-08-29 07:37:42.826', '2025-08-29 07:37:42.826'),
('cmewisx4c00n9fzmgni77l275', '10.106.57.73', 'Available', '2025-08-29 07:37:42.828', '2025-08-29 07:37:42.828'),
('cmewisx4f00nafzmg8p46cdup', '10.106.57.74', 'Available', '2025-08-29 07:37:42.832', '2025-08-29 07:37:42.832'),
('cmewisx4i00nbfzmgqv2qdkbv', '10.106.57.75', 'Available', '2025-08-29 07:37:42.835', '2025-08-29 07:37:42.835'),
('cmewisx4l00ncfzmgxhkq6d8o', '10.106.57.76', 'Available', '2025-08-29 07:37:42.838', '2025-08-29 07:37:42.838'),
('cmewisx4n00ndfzmg6gqfv6m1', '10.106.57.77', 'Available', '2025-08-29 07:37:42.840', '2025-08-29 07:37:42.840'),
('cmewisx4r00nefzmgyr9iiysz', '10.106.57.78', 'Available', '2025-08-29 07:37:42.843', '2025-08-29 07:37:42.843'),
('cmewisx4t00nffzmg53dly8dh', '10.106.57.79', 'Available', '2025-08-29 07:37:42.846', '2025-08-29 07:37:42.846'),
('cmewisx4w00ngfzmg67vy5rgv', '10.106.57.80', 'Available', '2025-08-29 07:37:42.849', '2025-08-29 07:37:42.849'),
('cmewisx4z00nhfzmgwjfoxu1y', '10.106.57.81', 'Available', '2025-08-29 07:37:42.851', '2025-08-29 07:37:42.851'),
('cmewisx5200nifzmgt1jw3v28', '10.106.57.82', 'Available', '2025-08-29 07:37:42.854', '2025-08-29 07:37:42.854'),
('cmewisx5500njfzmg99cgaf82', '10.106.57.83', 'Available', '2025-08-29 07:37:42.857', '2025-08-29 07:37:42.857'),
('cmewisx5800nkfzmgnxxo3yt6', '10.106.57.84', 'Available', '2025-08-29 07:37:42.860', '2025-08-29 07:37:42.860'),
('cmewisx5b00nlfzmgcp65u8jx', '10.106.57.85', 'Available', '2025-08-29 07:37:42.863', '2025-08-29 07:37:42.863'),
('cmewisx5d00nmfzmgghjdinqc', '10.106.57.86', 'Available', '2025-08-29 07:37:42.866', '2025-08-29 07:37:42.866'),
('cmewisx5g00nnfzmgy8oyihz9', '10.106.57.87', 'Available', '2025-08-29 07:37:42.868', '2025-08-29 07:37:42.868'),
('cmewisx5i00nofzmg4s7zd4iq', '10.106.57.88', 'Available', '2025-08-29 07:37:42.871', '2025-08-29 07:37:42.871'),
('cmewisx5l00npfzmg9zh6m6by', '10.106.57.89', 'Available', '2025-08-29 07:37:42.873', '2025-08-29 07:37:42.873'),
('cmewisx5n00nqfzmgpkp2xbfg', '10.106.57.90', 'Available', '2025-08-29 07:37:42.875', '2025-08-29 07:37:42.875'),
('cmewisx5p00nrfzmgiydpmm2w', '10.106.57.91', 'Available', '2025-08-29 07:37:42.877', '2025-08-29 07:37:42.877'),
('cmewisx5s00nsfzmgm405u7tg', '10.106.57.92', 'Available', '2025-08-29 07:37:42.880', '2025-08-29 07:37:42.880'),
('cmewisx5u00ntfzmg0ct5gic6', '10.106.57.93', 'Available', '2025-08-29 07:37:42.882', '2025-08-29 07:37:42.882'),
('cmewisx5x00nufzmgiim80h9h', '10.106.57.94', 'Available', '2025-08-29 07:37:42.885', '2025-08-29 07:37:42.885'),
('cmewisx5z00nvfzmgf4mda5yb', '10.106.57.95', 'Available', '2025-08-29 07:37:42.888', '2025-08-29 07:37:42.888'),
('cmewisx6300nwfzmgpecylew7', '10.106.57.96', 'Available', '2025-08-29 07:37:42.891', '2025-08-29 07:37:42.891'),
('cmewisx6600nxfzmg9yy7uo44', '10.106.57.97', 'Available', '2025-08-29 07:37:42.894', '2025-08-29 07:37:42.894'),
('cmewisx6700nyfzmg9g54cdw1', '10.106.57.98', 'Available', '2025-08-29 07:37:42.896', '2025-08-29 07:37:42.896'),
('cmewisx6a00nzfzmgckuqy220', '10.106.57.99', 'Available', '2025-08-29 07:37:42.899', '2025-08-29 07:37:42.899'),
('cmewisx6d00o0fzmg7j6j5wvx', '10.106.57.100', 'Available', '2025-08-29 07:37:42.901', '2025-08-29 07:37:42.901'),
('cmewisx6f00o1fzmgpe90488a', '10.106.57.101', 'Available', '2025-08-29 07:37:42.904', '2025-08-29 07:37:42.904'),
('cmewisx6m00o2fzmgzklm9yox', '10.106.57.102', 'Available', '2025-08-29 07:37:42.910', '2025-08-29 07:37:42.910'),
('cmewisx6o00o3fzmg2dui0hf3', '10.106.57.103', 'Available', '2025-08-29 07:37:42.913', '2025-08-29 07:37:42.913'),
('cmewisx6r00o4fzmgej4cna2k', '10.106.57.104', 'Available', '2025-08-29 07:37:42.916', '2025-08-29 07:37:42.916'),
('cmewisx6t00o5fzmg1zu6rvw8', '10.106.57.105', 'Available', '2025-08-29 07:37:42.918', '2025-08-29 07:37:42.918'),
('cmewisx6w00o6fzmg8mvjakor', '10.106.57.106', 'Available', '2025-08-29 07:37:42.920', '2025-08-29 07:37:42.920'),
('cmewisx6y00o7fzmg01y1hy46', '10.106.57.107', 'Available', '2025-08-29 07:37:42.923', '2025-08-29 07:37:42.923'),
('cmewisx7100o8fzmg9rs9f4zx', '10.106.57.108', 'Available', '2025-08-29 07:37:42.925', '2025-08-29 07:37:42.925'),
('cmewisx7300o9fzmgps6068c8', '10.106.57.109', 'Available', '2025-08-29 07:37:42.927', '2025-08-29 07:37:42.927'),
('cmewisx7500oafzmgz2e247w7', '10.106.57.110', 'Available', '2025-08-29 07:37:42.929', '2025-08-29 07:37:42.929'),
('cmewisx7700obfzmgsmbcfuqk', '10.106.57.111', 'Available', '2025-08-29 07:37:42.931', '2025-08-29 07:37:42.931'),
('cmewisx7900ocfzmgyk5a4z5w', '10.106.57.112', 'Available', '2025-08-29 07:37:42.933', '2025-08-29 07:37:42.933'),
('cmewisx7b00odfzmgyjhbbh9m', '10.106.57.113', 'Available', '2025-08-29 07:37:42.935', '2025-08-29 07:37:42.935'),
('cmewisx7d00oefzmg8eacijqg', '10.106.57.114', 'Available', '2025-08-29 07:37:42.938', '2025-08-29 07:37:42.938'),
('cmewisx7f00offzmg6un8q8ol', '10.106.57.115', 'Available', '2025-08-29 07:37:42.940', '2025-08-29 07:37:42.940'),
('cmewisx7h00ogfzmgew5pn2x8', '10.106.57.116', 'Available', '2025-08-29 07:37:42.942', '2025-08-29 07:37:42.942'),
('cmewisx7j00ohfzmgr8w7xxhq', '10.106.57.117', 'Available', '2025-08-29 07:37:42.944', '2025-08-29 07:37:42.944'),
('cmewisx7l00oifzmgm3h9q9zl', '10.106.57.118', 'Available', '2025-08-29 07:37:42.946', '2025-08-29 07:37:42.946'),
('cmewisx7n00ojfzmgye75267e', '10.106.57.119', 'Available', '2025-08-29 07:37:42.948', '2025-08-29 07:37:42.948'),
('cmewisx7p00okfzmg283cii2v', '10.106.57.120', 'Available', '2025-08-29 07:37:42.949', '2025-08-29 07:37:42.949'),
('cmewisx7r00olfzmguvc5e7zz', '10.106.57.121', 'Available', '2025-08-29 07:37:42.951', '2025-08-29 07:37:42.951'),
('cmewisx7t00omfzmg8d2dh1q3', '10.106.57.122', 'Available', '2025-08-29 07:37:42.953', '2025-08-29 07:37:42.953'),
('cmewisx7v00onfzmgmuxewrgb', '10.106.57.123', 'Available', '2025-08-29 07:37:42.955', '2025-08-29 07:37:42.955'),
('cmewisx7x00oofzmgk80ehg83', '10.106.57.124', 'Available', '2025-08-29 07:37:42.957', '2025-08-29 07:37:42.957'),
('cmewisx7y00opfzmgfwfwxfap', '10.106.57.125', 'Available', '2025-08-29 07:37:42.959', '2025-08-29 07:37:42.959'),
('cmewisx8000oqfzmgpxrvw662', '10.106.57.126', 'Available', '2025-08-29 07:37:42.960', '2025-08-29 07:37:42.960'),
('cmewisx8200orfzmglu92gc3o', '10.106.57.127', 'Available', '2025-08-29 07:37:42.962', '2025-08-29 07:37:42.962'),
('cmewisx8400osfzmgc8dm7s2a', '10.106.57.128', 'Available', '2025-08-29 07:37:42.964', '2025-08-29 07:37:42.964'),
('cmewisx8600otfzmgtru495bh', '10.106.57.129', 'Available', '2025-08-29 07:37:42.966', '2025-08-29 07:37:42.966'),
('cmewisx8800oufzmg6z428ufe', '10.106.57.130', 'Available', '2025-08-29 07:37:42.968', '2025-08-29 07:37:42.968'),
('cmewisx8a00ovfzmghi8amjkj', '10.106.57.131', 'Available', '2025-08-29 07:37:42.970', '2025-08-29 07:37:42.970'),
('cmewisx8c00owfzmg9ef3qsiy', '10.106.57.132', 'Available', '2025-08-29 07:37:42.972', '2025-08-29 07:37:42.972'),
('cmewisx8e00oxfzmgue2x97s8', '10.106.57.133', 'Available', '2025-08-29 07:37:42.974', '2025-08-29 07:37:42.974'),
('cmewisx8f00oyfzmgzskf0st0', '10.106.57.134', 'Available', '2025-08-29 07:37:42.976', '2025-08-29 07:37:42.976'),
('cmewisx8h00ozfzmgu4aq2lt0', '10.106.57.135', 'Available', '2025-08-29 07:37:42.977', '2025-08-29 07:37:42.977'),
('cmewisx8i00p0fzmgfv2yj9fk', '10.106.57.136', 'Available', '2025-08-29 07:37:42.979', '2025-08-29 07:37:42.979'),
('cmewisx8k00p1fzmg79o6urwc', '10.106.57.137', 'Available', '2025-08-29 07:37:42.980', '2025-08-29 07:37:42.980'),
('cmewisx8l00p2fzmgrvbk6ugb', '10.106.57.138', 'Available', '2025-08-29 07:37:42.982', '2025-08-29 07:37:42.982'),
('cmewisx8n00p3fzmgeqeyhdl9', '10.106.57.139', 'Available', '2025-08-29 07:37:42.983', '2025-08-29 07:37:42.983'),
('cmewisx8p00p4fzmg98fo2m4d', '10.106.57.140', 'Available', '2025-08-29 07:37:42.985', '2025-08-29 07:37:42.985'),
('cmewisx8s00p5fzmgjcj09nfe', '10.106.57.141', 'Available', '2025-08-29 07:37:42.988', '2025-08-29 07:37:42.988'),
('cmewisx8t00p6fzmgkslkpp2j', '10.106.57.142', 'Available', '2025-08-29 07:37:42.990', '2025-08-29 07:37:42.990'),
('cmewisx8v00p7fzmgg26lmzdl', '10.106.57.143', 'Available', '2025-08-29 07:37:42.991', '2025-08-29 07:37:42.991'),
('cmewisx8x00p8fzmg46wod4sm', '10.106.57.144', 'Available', '2025-08-29 07:37:42.993', '2025-08-29 07:37:42.993'),
('cmewisx8y00p9fzmgls3mt2cw', '10.106.57.145', 'Available', '2025-08-29 07:37:42.994', '2025-08-29 07:37:42.994'),
('cmewisx9000pafzmg5evx61yc', '10.106.57.146', 'Available', '2025-08-29 07:37:42.996', '2025-08-29 07:37:42.996'),
('cmewisx9100pbfzmg3kiwy94n', '10.106.57.147', 'Available', '2025-08-29 07:37:42.998', '2025-08-29 07:37:42.998'),
('cmewisx9300pcfzmgmedpof85', '10.106.57.148', 'Available', '2025-08-29 07:37:42.999', '2025-08-29 07:37:42.999'),
('cmewisx9500pdfzmgvmh8ccsz', '10.106.57.149', 'Available', '2025-08-29 07:37:43.002', '2025-08-29 07:37:43.002'),
('cmewisx9800pefzmgf3cy57qm', '10.106.57.150', 'Available', '2025-08-29 07:37:43.004', '2025-08-29 07:37:43.004'),
('cmewisx9a00pffzmgwc5oztuz', '10.106.57.151', 'Available', '2025-08-29 07:37:43.006', '2025-08-29 07:37:43.006'),
('cmewisx9c00pgfzmgd2dr0fmy', '10.106.57.152', 'Available', '2025-08-29 07:37:43.009', '2025-08-29 07:37:43.009'),
('cmewisx9e00phfzmg86q3p5wd', '10.106.57.153', 'Available', '2025-08-29 07:37:43.011', '2025-08-29 07:37:43.011'),
('cmewisx9g00pifzmg2lwksb5w', '10.106.57.154', 'Available', '2025-08-29 07:37:43.013', '2025-08-29 07:37:43.013'),
('cmewisx9i00pjfzmgpttaigdg', '10.106.57.155', 'Available', '2025-08-29 07:37:43.015', '2025-08-29 07:37:43.015'),
('cmewisx9k00pkfzmg2jrzgmn6', '10.106.57.156', 'Available', '2025-08-29 07:37:43.017', '2025-08-29 07:37:43.017'),
('cmewisx9m00plfzmgzz7lxgik', '10.106.57.157', 'Available', '2025-08-29 07:37:43.019', '2025-08-29 07:37:43.019'),
('cmewisx9p00pmfzmg3gv7v2j1', '10.106.57.158', 'Available', '2025-08-29 07:37:43.021', '2025-08-29 07:37:43.021'),
('cmewisx9q00pnfzmgw6ekwmse', '10.106.57.159', 'Available', '2025-08-29 07:37:43.023', '2025-08-29 07:37:43.023'),
('cmewisx9s00pofzmg6dhynswd', '10.106.57.160', 'Available', '2025-08-29 07:37:43.025', '2025-08-29 07:37:43.025'),
('cmewisx9u00ppfzmgau0y648c', '10.106.57.161', 'Available', '2025-08-29 07:37:43.027', '2025-08-29 07:37:43.027'),
('cmewisx9w00pqfzmgvem7toos', '10.106.57.162', 'Available', '2025-08-29 07:37:43.029', '2025-08-29 07:37:43.029'),
('cmewisx9y00prfzmgri5b8ff2', '10.106.57.163', 'Available', '2025-08-29 07:37:43.031', '2025-08-29 07:37:43.031'),
('cmewisxa100psfzmgla6btvm4', '10.106.57.164', 'Available', '2025-08-29 07:37:43.033', '2025-08-29 07:37:43.033'),
('cmewisxa200ptfzmgb5rv2gc1', '10.106.57.165', 'Available', '2025-08-29 07:37:43.035', '2025-08-29 07:37:43.035'),
('cmewisxa400pufzmgytoq5u89', '10.106.57.166', 'Available', '2025-08-29 07:37:43.037', '2025-08-29 07:37:43.037'),
('cmewisxa600pvfzmgeyf8vxfl', '10.106.57.167', 'Available', '2025-08-29 07:37:43.039', '2025-08-29 07:37:43.039'),
('cmewisxa800pwfzmgldxe5zwu', '10.106.57.168', 'Available', '2025-08-29 07:37:43.041', '2025-08-29 07:37:43.041'),
('cmewisxaa00pxfzmga6h5n9lk', '10.106.57.169', 'Available', '2025-08-29 07:37:43.042', '2025-08-29 07:37:43.042'),
('cmewisxab00pyfzmg2o712b4u', '10.106.57.170', 'Available', '2025-08-29 07:37:43.044', '2025-08-29 07:37:43.044'),
('cmewisxad00pzfzmgyd3qwwgp', '10.106.57.171', 'Available', '2025-08-29 07:37:43.045', '2025-08-29 07:37:43.045'),
('cmewisxae00q0fzmg33lrl659', '10.106.57.172', 'Available', '2025-08-29 07:37:43.047', '2025-08-29 07:37:43.047'),
('cmewisxag00q1fzmgdrivdh6q', '10.106.57.173', 'Available', '2025-08-29 07:37:43.049', '2025-08-29 07:37:43.049'),
('cmewisxai00q2fzmgtiiynhhs', '10.106.57.174', 'Available', '2025-08-29 07:37:43.050', '2025-08-29 07:37:43.050'),
('cmewisxak00q3fzmg9uw5rjzo', '10.106.57.175', 'Available', '2025-08-29 07:37:43.052', '2025-08-29 07:37:43.052'),
('cmewisxam00q4fzmgs3khlr0j', '10.106.57.176', 'Available', '2025-08-29 07:37:43.055', '2025-08-29 07:37:43.055'),
('cmewisxao00q5fzmggyobnbpx', '10.106.57.177', 'Available', '2025-08-29 07:37:43.056', '2025-08-29 07:37:43.056'),
('cmewisxap00q6fzmgl8gapnfg', '10.106.57.178', 'Available', '2025-08-29 07:37:43.058', '2025-08-29 07:37:43.058'),
('cmewisxar00q7fzmgvup8fid5', '10.106.57.179', 'Available', '2025-08-29 07:37:43.059', '2025-08-29 07:37:43.059'),
('cmewisxat00q8fzmg79h50jdp', '10.106.57.180', 'Available', '2025-08-29 07:37:43.061', '2025-08-29 07:37:43.061'),
('cmewisxav00q9fzmgm1pun2bx', '10.106.57.181', 'Available', '2025-08-29 07:37:43.063', '2025-08-29 07:37:43.063'),
('cmewisxax00qafzmgfsgp3q4w', '10.106.57.182', 'Available', '2025-08-29 07:37:43.065', '2025-08-29 07:37:43.065'),
('cmewisxay00qbfzmgcfqqa1br', '10.106.57.183', 'Available', '2025-08-29 07:37:43.067', '2025-08-29 07:37:43.067'),
('cmewisxb000qcfzmg81wb9dk1', '10.106.57.184', 'Available', '2025-08-29 07:37:43.068', '2025-08-29 07:37:43.068'),
('cmewisxb200qdfzmgb3y3sx36', '10.106.57.185', 'Available', '2025-08-29 07:37:43.070', '2025-08-29 07:37:43.070'),
('cmewisxb400qefzmgr1zkmduz', '10.106.57.186', 'Available', '2025-08-29 07:37:43.072', '2025-08-29 07:37:43.072'),
('cmewisxb500qffzmgr8qv2m39', '10.106.57.187', 'Available', '2025-08-29 07:37:43.074', '2025-08-29 07:37:43.074'),
('cmewisxb700qgfzmgbxmkkh20', '10.106.57.188', 'Available', '2025-08-29 07:37:43.076', '2025-08-29 07:37:43.076'),
('cmewisxb900qhfzmg4wjf5v39', '10.106.57.189', 'Available', '2025-08-29 07:37:43.077', '2025-08-29 07:37:43.077'),
('cmewisxbb00qifzmg66v0ox3k', '10.106.57.190', 'Available', '2025-08-29 07:37:43.079', '2025-08-29 07:37:43.079'),
('cmewisxbd00qjfzmgpq1k64wk', '10.106.57.191', 'Available', '2025-08-29 07:37:43.081', '2025-08-29 07:37:43.081'),
('cmewisxbe00qkfzmga3xsrcb1', '10.106.57.192', 'Available', '2025-08-29 07:37:43.083', '2025-08-29 07:37:43.083'),
('cmewisxbg00qlfzmgbzssumdv', '10.106.57.193', 'Available', '2025-08-29 07:37:43.084', '2025-08-29 07:37:43.084'),
('cmewisxbh00qmfzmg9jcyj7l7', '10.106.57.194', 'Available', '2025-08-29 07:37:43.086', '2025-08-29 07:37:43.086'),
('cmewisxbk00qnfzmg3afqlb0e', '10.106.57.195', 'Available', '2025-08-29 07:37:43.088', '2025-08-29 07:37:43.088'),
('cmewisxbl00qofzmgjd6orf8w', '10.106.57.196', 'Available', '2025-08-29 07:37:43.090', '2025-08-29 07:37:43.090'),
('cmewisxbn00qpfzmgv608lioo', '10.106.57.197', 'Available', '2025-08-29 07:37:43.091', '2025-08-29 07:37:43.091'),
('cmewisxbo00qqfzmgrwjpe8md', '10.106.57.198', 'Available', '2025-08-29 07:37:43.093', '2025-08-29 07:37:43.093'),
('cmewisxbq00qrfzmgva00qixs', '10.106.57.199', 'Available', '2025-08-29 07:37:43.095', '2025-08-29 07:37:43.095'),
('cmewisxbs00qsfzmg67lh0kpe', '10.106.57.200', 'Available', '2025-08-29 07:37:43.096', '2025-08-29 07:37:43.096'),
('cmewisxbu00qtfzmgzirc3lwh', '10.106.57.201', 'Available', '2025-08-29 07:37:43.098', '2025-08-29 07:37:43.098'),
('cmewisxbv00qufzmgj6t0y208', '10.106.57.202', 'Available', '2025-08-29 07:37:43.100', '2025-08-29 07:37:43.100'),
('cmewisxbx00qvfzmg81n46mok', '10.106.57.203', 'Available', '2025-08-29 07:37:43.101', '2025-08-29 07:37:43.101'),
('cmewisxby00qwfzmgsaayhm37', '10.106.57.204', 'Available', '2025-08-29 07:37:43.103', '2025-08-29 07:37:43.103'),
('cmewisxc000qxfzmgvc5ogv87', '10.106.57.205', 'Available', '2025-08-29 07:37:43.105', '2025-08-29 07:37:43.105'),
('cmewisxc200qyfzmgf8g2h4lz', '10.106.57.206', 'Available', '2025-08-29 07:37:43.107', '2025-08-29 07:37:43.107'),
('cmewisxc400qzfzmgfqhjes1c', '10.106.57.207', 'Available', '2025-08-29 07:37:43.108', '2025-08-29 07:37:43.108'),
('cmewisxc500r0fzmgpyz409xb', '10.106.57.208', 'Available', '2025-08-29 07:37:43.110', '2025-08-29 07:37:43.110'),
('cmewisxc700r1fzmgcwvwqna9', '10.106.57.209', 'Available', '2025-08-29 07:37:43.112', '2025-08-29 07:37:43.112'),
('cmewisxc900r2fzmg6sw9firi', '10.106.57.210', 'Available', '2025-08-29 07:37:43.113', '2025-08-29 07:37:43.113'),
('cmewisxcb00r3fzmgenpq5u13', '10.106.57.211', 'Available', '2025-08-29 07:37:43.115', '2025-08-29 07:37:43.115'),
('cmewisxcc00r4fzmgex4spg1k', '10.106.57.212', 'Available', '2025-08-29 07:37:43.116', '2025-08-29 07:37:43.116'),
('cmewisxcd00r5fzmgycs7ewpn', '10.106.57.213', 'Available', '2025-08-29 07:37:43.118', '2025-08-29 07:37:43.118'),
('cmewisxcf00r6fzmgczej9cco', '10.106.57.214', 'Available', '2025-08-29 07:37:43.120', '2025-08-29 07:37:43.120'),
('cmewisxch00r7fzmgg6c6wzau', '10.106.57.215', 'Available', '2025-08-29 07:37:43.122', '2025-08-29 07:37:43.122'),
('cmewisxcj00r8fzmgsnw3rys7', '10.106.57.216', 'Available', '2025-08-29 07:37:43.124', '2025-08-29 07:37:43.124'),
('cmewisxcl00r9fzmgtrn2mcmw', '10.106.57.217', 'Available', '2025-08-29 07:37:43.126', '2025-08-29 07:37:43.126'),
('cmewisxcn00rafzmgvirlptf6', '10.106.57.218', 'Available', '2025-08-29 07:37:43.128', '2025-08-29 07:37:43.128'),
('cmewisxcp00rbfzmg1ney34lt', '10.106.57.219', 'Available', '2025-08-29 07:37:43.129', '2025-08-29 07:37:43.129'),
('cmewisxcr00rcfzmghs6j2rrd', '10.106.57.220', 'Available', '2025-08-29 07:37:43.131', '2025-08-29 07:37:43.131'),
('cmewisxcs00rdfzmggkjl6hf2', '10.106.57.221', 'Available', '2025-08-29 07:37:43.133', '2025-08-29 07:37:43.133'),
('cmewisxcu00refzmgn0eiq5z8', '10.106.57.222', 'Available', '2025-08-29 07:37:43.134', '2025-08-29 07:37:43.134'),
('cmewisxcv00rffzmgfvq4q2re', '10.106.57.223', 'Available', '2025-08-29 07:37:43.136', '2025-08-29 07:37:43.136'),
('cmewisxcy00rgfzmgz22a390z', '10.106.57.224', 'Available', '2025-08-29 07:37:43.138', '2025-08-29 07:37:43.138'),
('cmewisxcz00rhfzmg6i5lyf7f', '10.106.57.225', 'Available', '2025-08-29 07:37:43.140', '2025-08-29 07:37:43.140'),
('cmewisxd100rifzmg0ha2w72h', '10.106.57.226', 'Available', '2025-08-29 07:37:43.142', '2025-08-29 07:37:43.142'),
('cmewisxd300rjfzmgl0lndl3f', '10.106.57.227', 'Available', '2025-08-29 07:37:43.144', '2025-08-29 07:37:43.144'),
('cmewisxd500rkfzmg9rhjilp4', '10.106.57.228', 'Available', '2025-08-29 07:37:43.145', '2025-08-29 07:37:43.145'),
('cmewisxd600rlfzmget12e2k5', '10.106.57.229', 'Available', '2025-08-29 07:37:43.147', '2025-08-29 07:37:43.147'),
('cmewisxd800rmfzmgj33iouzh', '10.106.57.230', 'Available', '2025-08-29 07:37:43.149', '2025-08-29 07:37:43.149'),
('cmewisxda00rnfzmgwx8lk86t', '10.106.57.231', 'Available', '2025-08-29 07:37:43.150', '2025-08-29 07:37:43.150'),
('cmewisxdb00rofzmg3ry59syz', '10.106.57.232', 'Available', '2025-08-29 07:37:43.152', '2025-08-29 07:37:43.152'),
('cmewisxdd00rpfzmgtxrll0i9', '10.106.57.233', 'Available', '2025-08-29 07:37:43.154', '2025-08-29 07:37:43.154'),
('cmewisxdf00rqfzmgfm129o11', '10.106.57.234', 'Available', '2025-08-29 07:37:43.156', '2025-08-29 07:37:43.156'),
('cmewisxdh00rrfzmg7ala2f7f', '10.106.57.235', 'Available', '2025-08-29 07:37:43.158', '2025-08-29 07:37:43.158'),
('cmewisxdj00rsfzmgt41zimmo', '10.106.57.236', 'Available', '2025-08-29 07:37:43.159', '2025-08-29 07:37:43.159'),
('cmewisxdl00rtfzmgh6l86sbq', '10.106.57.237', 'Available', '2025-08-29 07:37:43.161', '2025-08-29 07:37:43.161'),
('cmewisxdm00rufzmgbmtr2wyw', '10.106.57.238', 'Available', '2025-08-29 07:37:43.163', '2025-08-29 07:37:43.163'),
('cmewisxdo00rvfzmg1v8p3ofw', '10.106.57.239', 'Available', '2025-08-29 07:37:43.164', '2025-08-29 07:37:43.164'),
('cmewisxdp00rwfzmg5a7f01y4', '10.106.57.240', 'Available', '2025-08-29 07:37:43.166', '2025-08-29 07:37:43.166'),
('cmewisxdr00rxfzmgejkum2th', '10.106.57.241', 'Available', '2025-08-29 07:37:43.167', '2025-08-29 07:37:43.167'),
('cmewisxdt00ryfzmg844k7eoh', '10.106.57.242', 'Available', '2025-08-29 07:37:43.169', '2025-08-29 07:37:43.169'),
('cmewisxdv00rzfzmgixc402bv', '10.106.57.243', 'Available', '2025-08-29 07:37:43.171', '2025-08-29 07:37:43.171'),
('cmewisxdx00s0fzmg3c8p6a2k', '10.106.57.244', 'Available', '2025-08-29 07:37:43.173', '2025-08-29 07:37:43.173'),
('cmewisxdz00s1fzmgi1eailvk', '10.106.57.245', 'Available', '2025-08-29 07:37:43.175', '2025-08-29 07:37:43.175'),
('cmewisxe000s2fzmgyz3qrmk8', '10.106.57.246', 'Available', '2025-08-29 07:37:43.177', '2025-08-29 07:37:43.177'),
('cmewisxe200s3fzmgli78gfec', '10.106.57.247', 'Available', '2025-08-29 07:37:43.178', '2025-08-29 07:37:43.178'),
('cmewisxe400s4fzmgufpbn13f', '10.106.57.248', 'Available', '2025-08-29 07:37:43.180', '2025-08-29 07:37:43.180'),
('cmewisxe500s5fzmg8t3k21ls', '10.106.57.249', 'Available', '2025-08-29 07:37:43.182', '2025-08-29 07:37:43.182'),
('cmewisxe700s6fzmgjdrm1r71', '10.106.57.250', 'Available', '2025-08-29 07:37:43.184', '2025-08-29 07:37:43.184'),
('cmewisxe900s7fzmgn8qzwghj', '10.106.57.251', 'Available', '2025-08-29 07:37:43.185', '2025-08-29 07:37:43.185'),
('cmewisxeb00s8fzmgxj29iy76', '10.106.57.252', 'Available', '2025-08-29 07:37:43.188', '2025-08-29 07:37:43.188'),
('cmewisxed00s9fzmg23ffhyll', '10.106.57.253', 'Available', '2025-08-29 07:37:43.190', '2025-08-29 07:37:43.190'),
('cmewisxef00safzmgg83ckic1', '10.106.57.254', 'Available', '2025-08-29 07:37:43.192', '2025-08-29 07:37:43.192'),
('cmewisxeh00sbfzmgsbdxl9ej', '10.106.58.1', 'Available', '2025-08-29 07:37:43.193', '2025-08-29 07:37:43.193'),
('cmewisxej00scfzmgkc8i3mpe', '10.106.58.2', 'Available', '2025-08-29 07:37:43.195', '2025-08-29 07:37:43.195'),
('cmewisxek00sdfzmg7jpktguq', '10.106.58.3', 'Available', '2025-08-29 07:37:43.197', '2025-08-29 07:37:43.197'),
('cmewisxem00sefzmgwz5vitf9', '10.106.58.4', 'Available', '2025-08-29 07:37:43.198', '2025-08-29 07:37:43.198'),
('cmewisxeo00sffzmgkirg8iur', '10.106.58.5', 'Available', '2025-08-29 07:37:43.200', '2025-08-29 07:37:43.200'),
('cmewisxeq00sgfzmg82a2t980', '10.106.58.6', 'Available', '2025-08-29 07:37:43.202', '2025-08-29 07:37:43.202'),
('cmewisxes00shfzmgbojg6ufn', '10.106.58.7', 'Available', '2025-08-29 07:37:43.205', '2025-08-29 07:37:43.205'),
('cmewisxeu00sifzmg4xq1yxx0', '10.106.58.8', 'Available', '2025-08-29 07:37:43.207', '2025-08-29 07:37:43.207'),
('cmewisxew00sjfzmg18mvlhsf', '10.106.58.9', 'Available', '2025-08-29 07:37:43.209', '2025-08-29 07:37:43.209'),
('cmewisxey00skfzmg51ga977i', '10.106.58.10', 'Available', '2025-08-29 07:37:43.210', '2025-08-29 07:37:43.210'),
('cmewisxf000slfzmg9whtmaiu', '10.106.58.11', 'Available', '2025-08-29 07:37:43.212', '2025-08-29 07:37:43.212'),
('cmewisxf100smfzmgpy3yadt5', '10.106.58.12', 'Available', '2025-08-29 07:37:43.214', '2025-08-29 07:37:43.214'),
('cmewisxf300snfzmgz18ex92p', '10.106.58.13', 'Available', '2025-08-29 07:37:43.215', '2025-08-29 07:37:43.215'),
('cmewisxf400sofzmgqzmoixzk', '10.106.58.14', 'Available', '2025-08-29 07:37:43.217', '2025-08-29 07:37:43.217'),
('cmewisxf600spfzmgr9gs3w3a', '10.106.58.15', 'Available', '2025-08-29 07:37:43.218', '2025-08-29 07:37:43.218'),
('cmewisxf800sqfzmgxsgz13g0', '10.106.58.16', 'Available', '2025-08-29 07:37:43.221', '2025-08-29 07:37:43.221'),
('cmewisxfa00srfzmgwllrfv81', '10.106.58.17', 'Available', '2025-08-29 07:37:43.223', '2025-08-29 07:37:43.223'),
('cmewisxfc00ssfzmgei2w5org', '10.106.58.18', 'Available', '2025-08-29 07:37:43.225', '2025-08-29 07:37:43.225'),
('cmewisxfe00stfzmgd8u7k2mp', '10.106.58.19', 'Available', '2025-08-29 07:37:43.226', '2025-08-29 07:37:43.226'),
('cmewisxff00sufzmgpp142sm1', '10.106.58.20', 'Available', '2025-08-29 07:37:43.228', '2025-08-29 07:37:43.228'),
('cmewisxfh00svfzmgg6ni2ma1', '10.106.58.21', 'Available', '2025-08-29 07:37:43.230', '2025-08-29 07:37:43.230'),
('cmewisxfj00swfzmgtffd3o93', '10.106.58.22', 'Available', '2025-08-29 07:37:43.231', '2025-08-29 07:37:43.231'),
('cmewisxfk00sxfzmghhncgjjo', '10.106.58.23', 'Available', '2025-08-29 07:37:43.233', '2025-08-29 07:37:43.233'),
('cmewisxfm00syfzmgv14xl8iw', '10.106.58.24', 'Available', '2025-08-29 07:37:43.234', '2025-08-29 07:37:43.234'),
('cmewisxfo00szfzmgumk36x2u', '10.106.58.25', 'Available', '2025-08-29 07:37:43.236', '2025-08-29 07:37:43.236'),
('cmewisxfr00t0fzmgx18r2kzn', '10.106.58.26', 'Available', '2025-08-29 07:37:43.239', '2025-08-29 07:37:43.239'),
('cmewisxft00t1fzmgxdb5y5kb', '10.106.58.27', 'Available', '2025-08-29 07:37:43.241', '2025-08-29 07:37:43.241'),
('cmewisxfv00t2fzmgjbwx93a2', '10.106.58.28', 'Available', '2025-08-29 07:37:43.244', '2025-08-29 07:37:43.244'),
('cmewisxfy00t3fzmgly4lua3v', '10.106.58.29', 'Available', '2025-08-29 07:37:43.247', '2025-08-29 07:37:43.247'),
('cmewisxg000t4fzmg49c1w16h', '10.106.58.30', 'Available', '2025-08-29 07:37:43.249', '2025-08-29 07:37:43.249'),
('cmewisxg200t5fzmgrix4k4hm', '10.106.58.31', 'Available', '2025-08-29 07:37:43.251', '2025-08-29 07:37:43.251'),
('cmewisxg500t6fzmgkhgx36v3', '10.106.58.32', 'Available', '2025-08-29 07:37:43.254', '2025-08-29 07:37:43.254'),
('cmewisxg800t7fzmgi15uqsrp', '10.106.58.33', 'Available', '2025-08-29 07:37:43.256', '2025-08-29 07:37:43.256'),
('cmewisxgb00t8fzmgx9hb1cas', '10.106.58.34', 'Available', '2025-08-29 07:37:43.259', '2025-08-29 07:37:43.259'),
('cmewisxge00t9fzmgnr1l56ax', '10.106.58.35', 'Available', '2025-08-29 07:37:43.263', '2025-08-29 07:37:43.263'),
('cmewisxgi00tafzmg140ut48j', '10.106.58.36', 'Available', '2025-08-29 07:37:43.266', '2025-08-29 07:37:43.266'),
('cmewisxgk00tbfzmgxsz4g8fi', '10.106.58.37', 'Available', '2025-08-29 07:37:43.268', '2025-08-29 07:37:43.268'),
('cmewisxgo00tcfzmg8wqb3ryy', '10.106.58.38', 'Available', '2025-08-29 07:37:43.273', '2025-08-29 07:37:43.273'),
('cmewisxgs00tdfzmgirexb8pr', '10.106.58.39', 'Available', '2025-08-29 07:37:43.276', '2025-08-29 07:37:43.276'),
('cmewisxgv00tefzmgv2652a0h', '10.106.58.40', 'Available', '2025-08-29 07:37:43.279', '2025-08-29 07:37:43.279'),
('cmewisxgy00tffzmgdmp598rw', '10.106.58.41', 'Available', '2025-08-29 07:37:43.283', '2025-08-29 07:37:43.283'),
('cmewisxh200tgfzmgz483xxxo', '10.106.58.42', 'Available', '2025-08-29 07:37:43.286', '2025-08-29 07:37:43.286'),
('cmewisxh500thfzmgae0j43sl', '10.106.58.43', 'Available', '2025-08-29 07:37:43.290', '2025-08-29 07:37:43.290'),
('cmewisxh800tifzmga8o7d3oh', '10.106.58.44', 'Available', '2025-08-29 07:37:43.293', '2025-08-29 07:37:43.293'),
('cmewisxhb00tjfzmg0vett9d8', '10.106.58.45', 'Available', '2025-08-29 07:37:43.296', '2025-08-29 07:37:43.296'),
('cmewisxhf00tkfzmgkqmpb0un', '10.106.58.46', 'Available', '2025-08-29 07:37:43.299', '2025-08-29 07:37:43.299'),
('cmewisxhi00tlfzmgzu7sdph0', '10.106.58.47', 'Available', '2025-08-29 07:37:43.303', '2025-08-29 07:37:43.303'),
('cmewisxhm00tmfzmg9z2qe8b3', '10.106.58.48', 'Available', '2025-08-29 07:37:43.306', '2025-08-29 07:37:43.306'),
('cmewisxhp00tnfzmggyzg1dow', '10.106.58.49', 'Available', '2025-08-29 07:37:43.309', '2025-08-29 07:37:43.309'),
('cmewisxhs00tofzmgwl6j0s5z', '10.106.58.50', 'Available', '2025-08-29 07:37:43.313', '2025-08-29 07:37:43.313'),
('cmewisxhv00tpfzmgksw298y8', '10.106.58.51', 'Available', '2025-08-29 07:37:43.316', '2025-08-29 07:37:43.316'),
('cmewisxhz00tqfzmgwsna0i2e', '10.106.58.52', 'Available', '2025-08-29 07:37:43.319', '2025-08-29 07:37:43.319'),
('cmewisxi200trfzmgapm638wn', '10.106.58.53', 'Available', '2025-08-29 07:37:43.322', '2025-08-29 07:37:43.322'),
('cmewisxi500tsfzmg91rrk0dw', '10.106.58.54', 'Available', '2025-08-29 07:37:43.325', '2025-08-29 07:37:43.325'),
('cmewisxi800ttfzmgj1k2obyp', '10.106.58.55', 'Available', '2025-08-29 07:37:43.329', '2025-08-29 07:37:43.329'),
('cmewisxib00tufzmg8950glkm', '10.106.58.56', 'Available', '2025-08-29 07:37:43.332', '2025-08-29 07:37:43.332'),
('cmewisxie00tvfzmgl2z6aatn', '10.106.58.57', 'Available', '2025-08-29 07:37:43.335', '2025-08-29 07:37:43.335'),
('cmewisxii00twfzmgadj1n0j9', '10.106.58.58', 'Available', '2025-08-29 07:37:43.338', '2025-08-29 07:37:43.338'),
('cmewisxil00txfzmg4fyy585i', '10.106.58.59', 'Available', '2025-08-29 07:37:43.341', '2025-08-29 07:37:43.341'),
('cmewisxio00tyfzmgaaria11e', '10.106.58.60', 'Available', '2025-08-29 07:37:43.344', '2025-08-29 07:37:43.344'),
('cmewisxir00tzfzmgnscwytjr', '10.106.58.61', 'Available', '2025-08-29 07:37:43.348', '2025-08-29 07:37:43.348'),
('cmewisxiu00u0fzmgka0fq04c', '10.106.58.62', 'Available', '2025-08-29 07:37:43.351', '2025-08-29 07:37:43.351'),
('cmewisxix00u1fzmgozmiptbt', '10.106.58.63', 'Available', '2025-08-29 07:37:43.354', '2025-08-29 07:37:43.354'),
('cmewisxj000u2fzmgzc70khvo', '10.106.58.64', 'Available', '2025-08-29 07:37:43.356', '2025-08-29 07:37:43.356'),
('cmewisxj200u3fzmg8fx7o8xj', '10.106.58.65', 'Available', '2025-08-29 07:37:43.359', '2025-08-29 07:37:43.359'),
('cmewisxj500u4fzmgfumq8gwz', '10.106.58.66', 'Available', '2025-08-29 07:37:43.361', '2025-08-29 07:37:43.361'),
('cmewisxj700u5fzmgf56fg83w', '10.106.58.67', 'Available', '2025-08-29 07:37:43.363', '2025-08-29 07:37:43.363'),
('cmewisxj900u6fzmg6vrj4fl1', '10.106.58.68', 'Available', '2025-08-29 07:37:43.366', '2025-08-29 07:37:43.366'),
('cmewisxjc00u7fzmge2dfmhuh', '10.106.58.69', 'Available', '2025-08-29 07:37:43.368', '2025-08-29 07:37:43.368'),
('cmewisxje00u8fzmg38stlltt', '10.106.58.70', 'Available', '2025-08-29 07:37:43.370', '2025-08-29 07:37:43.370'),
('cmewisxjg00u9fzmg47uzkp21', '10.106.58.71', 'Available', '2025-08-29 07:37:43.372', '2025-08-29 07:37:43.372'),
('cmewisxjj00uafzmg08xdznm7', '10.106.58.72', 'Available', '2025-08-29 07:37:43.375', '2025-08-29 07:37:43.375'),
('cmewisxjm00ubfzmgzvy0p0g6', '10.106.58.73', 'Available', '2025-08-29 07:37:43.378', '2025-08-29 07:37:43.378'),
('cmewisxjo00ucfzmgbu17hs3q', '10.106.58.74', 'Available', '2025-08-29 07:37:43.381', '2025-08-29 07:37:43.381'),
('cmewisxjr00udfzmgkkarsib2', '10.106.58.75', 'Available', '2025-08-29 07:37:43.383', '2025-08-29 07:37:43.383'),
('cmewisxjt00uefzmgbdp6n32x', '10.106.58.76', 'Available', '2025-08-29 07:37:43.385', '2025-08-29 07:37:43.385'),
('cmewisxjw00uffzmg98nqdtw2', '10.106.58.77', 'Available', '2025-08-29 07:37:43.388', '2025-08-29 07:37:43.388'),
('cmewisxjy00ugfzmg73h4bnwf', '10.106.58.78', 'Available', '2025-08-29 07:37:43.390', '2025-08-29 07:37:43.390'),
('cmewisxk000uhfzmgcbmba16l', '10.106.58.79', 'Available', '2025-08-29 07:37:43.393', '2025-08-29 07:37:43.393'),
('cmewisxk300uifzmgdxasomc0', '10.106.58.80', 'Available', '2025-08-29 07:37:43.395', '2025-08-29 07:37:43.395'),
('cmewisxk600ujfzmgw8e2lc0f', '10.106.58.81', 'Available', '2025-08-29 07:37:43.398', '2025-08-29 07:37:43.398'),
('cmewisxk800ukfzmgi4bhsllo', '10.106.58.82', 'Available', '2025-08-29 07:37:43.400', '2025-08-29 07:37:43.400'),
('cmewisxka00ulfzmguph8vyjy', '10.106.58.83', 'Available', '2025-08-29 07:37:43.403', '2025-08-29 07:37:43.403'),
('cmewisxkd00umfzmgk5ktawbu', '10.106.58.84', 'Available', '2025-08-29 07:37:43.406', '2025-08-29 07:37:43.406'),
('cmewisxkg00unfzmgwzvcdnoe', '10.106.58.85', 'Available', '2025-08-29 07:37:43.408', '2025-08-29 07:37:43.408'),
('cmewisxkj00uofzmgewkx63e7', '10.106.58.86', 'Available', '2025-08-29 07:37:43.411', '2025-08-29 07:37:43.411'),
('cmewisxkl00upfzmgc6ow9zqp', '10.106.58.87', 'Available', '2025-08-29 07:37:43.413', '2025-08-29 07:37:43.413'),
('cmewisxkn00uqfzmgfz4urrgp', '10.106.58.88', 'Available', '2025-08-29 07:37:43.415', '2025-08-29 07:37:43.415'),
('cmewisxkp00urfzmg2i3kj876', '10.106.58.89', 'Available', '2025-08-29 07:37:43.417', '2025-08-29 07:37:43.417'),
('cmewisxkr00usfzmg49f67wb7', '10.106.58.90', 'Available', '2025-08-29 07:37:43.419', '2025-08-29 07:37:43.419'),
('cmewisxkt00utfzmgzg6w82oo', '10.106.58.91', 'Available', '2025-08-29 07:37:43.422', '2025-08-29 07:37:43.422'),
('cmewisxkv00uufzmghohgymbl', '10.106.58.92', 'Available', '2025-08-29 07:37:43.423', '2025-08-29 07:37:43.423'),
('cmewisxky00uvfzmgvjn8vstg', '10.106.58.93', 'Available', '2025-08-29 07:37:43.426', '2025-08-29 07:37:43.426'),
('cmewisxl000uwfzmg50jnvw7d', '10.106.58.94', 'Available', '2025-08-29 07:37:43.429', '2025-08-29 07:37:43.429'),
('cmewisxl200uxfzmg2sjq0ynl', '10.106.58.95', 'Available', '2025-08-29 07:37:43.430', '2025-08-29 07:37:43.430'),
('cmewisxl400uyfzmg1oj6b1a2', '10.106.58.96', 'Available', '2025-08-29 07:37:43.433', '2025-08-29 07:37:43.433'),
('cmewisxl700uzfzmg7oulz0g8', '10.106.58.97', 'Available', '2025-08-29 07:37:43.435', '2025-08-29 07:37:43.435'),
('cmewisxl900v0fzmgww3e1g6g', '10.106.58.98', 'Available', '2025-08-29 07:37:43.438', '2025-08-29 07:37:43.438'),
('cmewisxlc00v1fzmg4sruftax', '10.106.58.99', 'Available', '2025-08-29 07:37:43.440', '2025-08-29 07:37:43.440'),
('cmewisxle00v2fzmg23ofrluu', '10.106.58.100', 'Available', '2025-08-29 07:37:43.442', '2025-08-29 07:37:43.442'),
('cmewisxlg00v3fzmg3grfs3xj', '10.106.58.101', 'Available', '2025-08-29 07:37:43.445', '2025-08-29 07:37:43.445'),
('cmewisxli00v4fzmgqk7wfywg', '10.106.58.102', 'Available', '2025-08-29 07:37:43.446', '2025-08-29 07:37:43.446'),
('cmewisxlk00v5fzmg339xh5mt', '10.106.58.103', 'Available', '2025-08-29 07:37:43.448', '2025-08-29 07:37:43.448'),
('cmewisxll00v6fzmglav76zg6', '10.106.58.104', 'Available', '2025-08-29 07:37:43.450', '2025-08-29 07:37:43.450'),
('cmewisxlo00v7fzmgifgjk4wt', '10.106.58.105', 'Available', '2025-08-29 07:37:43.453', '2025-08-29 07:37:43.453'),
('cmewisxlr00v8fzmgzdht76a7', '10.106.58.106', 'Available', '2025-08-29 07:37:43.455', '2025-08-29 07:37:43.455'),
('cmewisxls00v9fzmgls2gbpzu', '10.106.58.107', 'Available', '2025-08-29 07:37:43.457', '2025-08-29 07:37:43.457'),
('cmewisxlv00vafzmgceyp1twa', '10.106.58.108', 'Available', '2025-08-29 07:37:43.459', '2025-08-29 07:37:43.459'),
('cmewisxlx00vbfzmgk4gxzmik', '10.106.58.109', 'Available', '2025-08-29 07:37:43.461', '2025-08-29 07:37:43.461'),
('cmewisxlz00vcfzmgff2ahu96', '10.106.58.110', 'Available', '2025-08-29 07:37:43.463', '2025-08-29 07:37:43.463'),
('cmewisxm100vdfzmgp7787d4a', '10.106.58.111', 'Available', '2025-08-29 07:37:43.465', '2025-08-29 07:37:43.465'),
('cmewisxm300vefzmgci6fpvtx', '10.106.58.112', 'Available', '2025-08-29 07:37:43.467', '2025-08-29 07:37:43.467'),
('cmewisxm500vffzmgoajkzupr', '10.106.58.113', 'Available', '2025-08-29 07:37:43.469', '2025-08-29 07:37:43.469'),
('cmewisxm700vgfzmgr5uiu4p9', '10.106.58.114', 'Available', '2025-08-29 07:37:43.471', '2025-08-29 07:37:43.471'),
('cmewisxma00vhfzmgap9nogbu', '10.106.58.115', 'Available', '2025-08-29 07:37:43.474', '2025-08-29 07:37:43.474'),
('cmewisxmc00vifzmgldf1u9ci', '10.106.58.116', 'Available', '2025-08-29 07:37:43.476', '2025-08-29 07:37:43.476'),
('cmewisxmf00vjfzmgzdetvnqx', '10.106.58.117', 'Available', '2025-08-29 07:37:43.479', '2025-08-29 07:37:43.479'),
('cmewisxmi00vkfzmgwskr6tn3', '10.106.58.118', 'Available', '2025-08-29 07:37:43.482', '2025-08-29 07:37:43.482'),
('cmewisxml00vlfzmggrozq62m', '10.106.58.119', 'Available', '2025-08-29 07:37:43.485', '2025-08-29 07:37:43.485'),
('cmewisxmn00vmfzmgzoxtgm2s', '10.106.58.120', 'Available', '2025-08-29 07:37:43.488', '2025-08-29 07:37:43.488'),
('cmewisxmq00vnfzmg11p357ap', '10.106.58.121', 'Available', '2025-08-29 07:37:43.490', '2025-08-29 07:37:43.490'),
('cmewisxms00vofzmgvasli1be', '10.106.58.122', 'Available', '2025-08-29 07:37:43.492', '2025-08-29 07:37:43.492'),
('cmewisxmu00vpfzmgtzg31788', '10.106.58.123', 'Available', '2025-08-29 07:37:43.495', '2025-08-29 07:37:43.495'),
('cmewisxmw00vqfzmgvdql4z4r', '10.106.58.124', 'Available', '2025-08-29 07:37:43.496', '2025-08-29 07:37:43.496');
INSERT INTO `ipaddress` (`id`, `ipAddress`, `status`, `createdAt`, `updatedAt`) VALUES
('cmewisxmy00vrfzmgkrui7urf', '10.106.58.125', 'Available', '2025-08-29 07:37:43.499', '2025-08-29 07:37:43.499'),
('cmewisxn000vsfzmgin7j383f', '10.106.58.126', 'Available', '2025-08-29 07:37:43.500', '2025-08-29 07:37:43.500'),
('cmewisxn200vtfzmguppidjs3', '10.106.58.127', 'Available', '2025-08-29 07:37:43.502', '2025-08-29 07:37:43.502'),
('cmewisxn400vufzmgi53ohfif', '10.106.58.128', 'Available', '2025-08-29 07:37:43.504', '2025-08-29 07:37:43.504'),
('cmewisxn600vvfzmg6c8cuuid', '10.106.58.129', 'Available', '2025-08-29 07:37:43.506', '2025-08-29 07:37:43.506'),
('cmewisxn800vwfzmgxz0ur1xw', '10.106.58.130', 'Available', '2025-08-29 07:37:43.508', '2025-08-29 07:37:43.508'),
('cmewisxn900vxfzmg4nkm8aqa', '10.106.58.131', 'Available', '2025-08-29 07:37:43.510', '2025-08-29 07:37:43.510'),
('cmewisxnb00vyfzmgfwfbggvg', '10.106.58.132', 'Available', '2025-08-29 07:37:43.511', '2025-08-29 07:37:43.511'),
('cmewisxnd00vzfzmga0mwtwl6', '10.106.58.133', 'Available', '2025-08-29 07:37:43.513', '2025-08-29 07:37:43.513'),
('cmewisxne00w0fzmgvposf4dh', '10.106.58.134', 'Available', '2025-08-29 07:37:43.515', '2025-08-29 07:37:43.515'),
('cmewisxng00w1fzmgltfgt5db', '10.106.58.135', 'Available', '2025-08-29 07:37:43.516', '2025-08-29 07:37:43.516'),
('cmewisxnh00w2fzmgkavabrtz', '10.106.58.136', 'Available', '2025-08-29 07:37:43.518', '2025-08-29 07:37:43.518'),
('cmewisxnk00w3fzmgzot9sqoz', '10.106.58.137', 'Available', '2025-08-29 07:37:43.520', '2025-08-29 07:37:43.520'),
('cmewisxnm00w4fzmgf49vtogv', '10.106.58.138', 'Available', '2025-08-29 07:37:43.523', '2025-08-29 07:37:43.523'),
('cmewisxno00w5fzmg45l0mnw3', '10.106.58.139', 'Available', '2025-08-29 07:37:43.524', '2025-08-29 07:37:43.524'),
('cmewisxnq00w6fzmg8wcy0t0e', '10.106.58.140', 'Available', '2025-08-29 07:37:43.526', '2025-08-29 07:37:43.526'),
('cmewisxnr00w7fzmg0pbyedvi', '10.106.58.141', 'Available', '2025-08-29 07:37:43.528', '2025-08-29 07:37:43.528'),
('cmewisxnt00w8fzmg57x3w5w9', '10.106.58.142', 'Available', '2025-08-29 07:37:43.529', '2025-08-29 07:37:43.529'),
('cmewisxnv00w9fzmgq4hn00k7', '10.106.58.143', 'Available', '2025-08-29 07:37:43.531', '2025-08-29 07:37:43.531'),
('cmewisxnw00wafzmgo2t0l39n', '10.106.58.144', 'Available', '2025-08-29 07:37:43.533', '2025-08-29 07:37:43.533'),
('cmewisxny00wbfzmgijcov2lg', '10.106.58.145', 'Available', '2025-08-29 07:37:43.534', '2025-08-29 07:37:43.534'),
('cmewisxo000wcfzmgrmfdioks', '10.106.58.146', 'Available', '2025-08-29 07:37:43.536', '2025-08-29 07:37:43.536'),
('cmewisxo200wdfzmgznbtqs1n', '10.106.58.147', 'Available', '2025-08-29 07:37:43.538', '2025-08-29 07:37:43.538'),
('cmewisxo400wefzmgumz9h70l', '10.106.58.148', 'Available', '2025-08-29 07:37:43.540', '2025-08-29 07:37:43.540'),
('cmewisxo500wffzmg221n63gn', '10.106.58.149', 'Available', '2025-08-29 07:37:43.542', '2025-08-29 07:37:43.542'),
('cmewisxo700wgfzmgadaumo2e', '10.106.58.150', 'Available', '2025-08-29 07:37:43.544', '2025-08-29 07:37:43.544'),
('cmewisxo900whfzmg5rbxc4ar', '10.106.58.151', 'Available', '2025-08-29 07:37:43.545', '2025-08-29 07:37:43.545'),
('cmewisxoa00wifzmghwiwln4n', '10.106.58.152', 'Available', '2025-08-29 07:37:43.547', '2025-08-29 07:37:43.547'),
('cmewisxoc00wjfzmg33p705zg', '10.106.58.153', 'Available', '2025-08-29 07:37:43.549', '2025-08-29 07:37:43.549'),
('cmewisxof00wkfzmgqz4lvhur', '10.106.58.154', 'Available', '2025-08-29 07:37:43.551', '2025-08-29 07:37:43.551'),
('cmewisxoh00wlfzmg7zdwy8qx', '10.106.58.155', 'Available', '2025-08-29 07:37:43.553', '2025-08-29 07:37:43.553'),
('cmewisxoj00wmfzmg5bxrc5eo', '10.106.58.156', 'Available', '2025-08-29 07:37:43.556', '2025-08-29 07:37:43.556'),
('cmewisxom00wnfzmg6sqizyvq', '10.106.58.157', 'Available', '2025-08-29 07:37:43.559', '2025-08-29 07:37:43.559'),
('cmewisxop00wofzmgfmcuaenp', '10.106.58.158', 'Available', '2025-08-29 07:37:43.561', '2025-08-29 07:37:43.561'),
('cmewisxor00wpfzmggin049wy', '10.106.58.159', 'Available', '2025-08-29 07:37:43.564', '2025-08-29 07:37:43.564'),
('cmewisxou00wqfzmg2gplafvd', '10.106.58.160', 'Available', '2025-08-29 07:37:43.566', '2025-08-29 07:37:43.566'),
('cmewisxox00wrfzmgzrpe3qtd', '10.106.58.161', 'Available', '2025-08-29 07:37:43.569', '2025-08-29 07:37:43.569'),
('cmewisxoz00wsfzmgn1pvusqz', '10.106.58.162', 'Available', '2025-08-29 07:37:43.572', '2025-08-29 07:37:43.572'),
('cmewisxp100wtfzmgbi2zpni5', '10.106.58.163', 'Available', '2025-08-29 07:37:43.574', '2025-08-29 07:37:43.574'),
('cmewisxp300wufzmgld3j7h6d', '10.106.58.164', 'Available', '2025-08-29 07:37:43.576', '2025-08-29 07:37:43.576'),
('cmewisxp500wvfzmgcjq97oy4', '10.106.58.165', 'Available', '2025-08-29 07:37:43.577', '2025-08-29 07:37:43.577'),
('cmewisxp700wwfzmgeulyi2pw', '10.106.58.166', 'Available', '2025-08-29 07:37:43.579', '2025-08-29 07:37:43.579'),
('cmewisxp800wxfzmgd7jl8g10', '10.106.58.167', 'Available', '2025-08-29 07:37:43.581', '2025-08-29 07:37:43.581'),
('cmewisxpa00wyfzmgkeidg3ru', '10.106.58.168', 'Available', '2025-08-29 07:37:43.582', '2025-08-29 07:37:43.582'),
('cmewisxpb00wzfzmg9o5imk0l', '10.106.58.169', 'Available', '2025-08-29 07:37:43.584', '2025-08-29 07:37:43.584'),
('cmewisxpd00x0fzmgpkiyso8h', '10.106.58.170', 'Available', '2025-08-29 07:37:43.586', '2025-08-29 07:37:43.586'),
('cmewisxpg00x1fzmg0kx1m6he', '10.106.58.171', 'Available', '2025-08-29 07:37:43.588', '2025-08-29 07:37:43.588'),
('cmewisxph00x2fzmglw69i5uq', '10.106.58.172', 'Available', '2025-08-29 07:37:43.590', '2025-08-29 07:37:43.590'),
('cmewisxpj00x3fzmg2xhuk3s5', '10.106.58.173', 'Available', '2025-08-29 07:37:43.592', '2025-08-29 07:37:43.592'),
('cmewisxpl00x4fzmgynky3ax0', '10.106.58.174', 'Available', '2025-08-29 07:37:43.593', '2025-08-29 07:37:43.593'),
('cmewisxpm00x5fzmg0fwkgvtd', '10.106.58.175', 'Available', '2025-08-29 07:37:43.595', '2025-08-29 07:37:43.595'),
('cmewisxpo00x6fzmgqlg37wmo', '10.106.58.176', 'Available', '2025-08-29 07:37:43.596', '2025-08-29 07:37:43.596'),
('cmewisxpp00x7fzmg824mgxbu', '10.106.58.177', 'Available', '2025-08-29 07:37:43.598', '2025-08-29 07:37:43.598'),
('cmewisxpr00x8fzmgr5kac5z0', '10.106.58.178', 'Available', '2025-08-29 07:37:43.599', '2025-08-29 07:37:43.599'),
('cmewisxpt00x9fzmgz9tv3mzg', '10.106.58.179', 'Available', '2025-08-29 07:37:43.601', '2025-08-29 07:37:43.601'),
('cmewisxpv00xafzmg1vnyc7si', '10.106.58.180', 'Available', '2025-08-29 07:37:43.603', '2025-08-29 07:37:43.603'),
('cmewisxpx00xbfzmgv3yj83qa', '10.106.58.181', 'Available', '2025-08-29 07:37:43.605', '2025-08-29 07:37:43.605'),
('cmewisxpy00xcfzmgdygs0a27', '10.106.58.182', 'Available', '2025-08-29 07:37:43.607', '2025-08-29 07:37:43.607'),
('cmewisxq000xdfzmgzrraf37o', '10.106.58.183', 'Available', '2025-08-29 07:37:43.608', '2025-08-29 07:37:43.608'),
('cmewisxq200xefzmg2ix7imtc', '10.106.58.184', 'Available', '2025-08-29 07:37:43.610', '2025-08-29 07:37:43.610'),
('cmewisxq300xffzmgw9c5hqzd', '10.106.58.185', 'Available', '2025-08-29 07:37:43.612', '2025-08-29 07:37:43.612'),
('cmewisxq500xgfzmg402g2w9j', '10.106.58.186', 'Available', '2025-08-29 07:37:43.613', '2025-08-29 07:37:43.613'),
('cmewisxq700xhfzmghc1leci6', '10.106.58.187', 'Available', '2025-08-29 07:37:43.615', '2025-08-29 07:37:43.615'),
('cmewisxq800xifzmg38753u8t', '10.106.58.188', 'Available', '2025-08-29 07:37:43.617', '2025-08-29 07:37:43.617'),
('cmewisxqa00xjfzmgorkwt4gf', '10.106.58.189', 'Available', '2025-08-29 07:37:43.619', '2025-08-29 07:37:43.619'),
('cmewisxqc00xkfzmg74r7qyb9', '10.106.58.190', 'Available', '2025-08-29 07:37:43.621', '2025-08-29 07:37:43.621'),
('cmewisxqe00xlfzmgot6fy73z', '10.106.58.191', 'Available', '2025-08-29 07:37:43.622', '2025-08-29 07:37:43.622'),
('cmewisxqg00xmfzmg9ufpxvvq', '10.106.58.192', 'Available', '2025-08-29 07:37:43.625', '2025-08-29 07:37:43.625'),
('cmewisxqi00xnfzmgua7abwqy', '10.106.58.193', 'Available', '2025-08-29 07:37:43.627', '2025-08-29 07:37:43.627'),
('cmewisxqk00xofzmg7yjyabrp', '10.106.58.194', 'Available', '2025-08-29 07:37:43.629', '2025-08-29 07:37:43.629'),
('cmewisxqm00xpfzmgyzlaptmz', '10.106.58.195', 'Available', '2025-08-29 07:37:43.630', '2025-08-29 07:37:43.630'),
('cmewisxqo00xqfzmgt6qsesr4', '10.106.58.196', 'Available', '2025-08-29 07:37:43.632', '2025-08-29 07:37:43.632'),
('cmewisxqq00xrfzmgo636i1w4', '10.106.58.197', 'Available', '2025-08-29 07:37:43.634', '2025-08-29 07:37:43.634'),
('cmewisxqs00xsfzmg7nza74nj', '10.106.58.198', 'Available', '2025-08-29 07:37:43.636', '2025-08-29 07:37:43.636'),
('cmewisxqu00xtfzmg5dewzk99', '10.106.58.199', 'Available', '2025-08-29 07:37:43.639', '2025-08-29 07:37:43.639'),
('cmewisxqw00xufzmgc8n4cfit', '10.106.58.200', 'Available', '2025-08-29 07:37:43.641', '2025-08-29 07:37:43.641'),
('cmewisxqz00xvfzmggazv7a4x', '10.106.58.201', 'Available', '2025-08-29 07:37:43.644', '2025-08-29 07:37:43.644'),
('cmewisxr100xwfzmg56dljchc', '10.106.58.202', 'Available', '2025-08-29 07:37:43.646', '2025-08-29 07:37:43.646'),
('cmewisxr300xxfzmgf2gtn9hs', '10.106.58.203', 'Available', '2025-08-29 07:37:43.648', '2025-08-29 07:37:43.648'),
('cmewisxr500xyfzmgfs59epo9', '10.106.58.204', 'Available', '2025-08-29 07:37:43.649', '2025-08-29 07:37:43.649'),
('cmewisxr700xzfzmgnp27pny9', '10.106.58.205', 'Available', '2025-08-29 07:37:43.651', '2025-08-29 07:37:43.651'),
('cmewisxr900y0fzmguqauhwo7', '10.106.58.206', 'Available', '2025-08-29 07:37:43.654', '2025-08-29 07:37:43.654'),
('cmewisxrc00y1fzmgh77urgfa', '10.106.58.207', 'Available', '2025-08-29 07:37:43.657', '2025-08-29 07:37:43.657'),
('cmewisxre00y2fzmglfvg1qg2', '10.106.58.208', 'Available', '2025-08-29 07:37:43.659', '2025-08-29 07:37:43.659'),
('cmewisxrg00y3fzmgh3lyk30u', '10.106.58.209', 'Available', '2025-08-29 07:37:43.661', '2025-08-29 07:37:43.661'),
('cmewisxri00y4fzmgziyv9qvf', '10.106.58.210', 'Available', '2025-08-29 07:37:43.662', '2025-08-29 07:37:43.662'),
('cmewisxrj00y5fzmgs4l9xkqg', '10.106.58.211', 'Available', '2025-08-29 07:37:43.664', '2025-08-29 07:37:43.664'),
('cmewisxrl00y6fzmgzgigxnob', '10.106.58.212', 'Available', '2025-08-29 07:37:43.666', '2025-08-29 07:37:43.666'),
('cmewisxrn00y7fzmg7x9bi23n', '10.106.58.213', 'Available', '2025-08-29 07:37:43.668', '2025-08-29 07:37:43.668'),
('cmewisxrp00y8fzmg4pbg8zdn', '10.106.58.214', 'Available', '2025-08-29 07:37:43.669', '2025-08-29 07:37:43.669'),
('cmewisxrs00y9fzmgyn0xk0w7', '10.106.58.215', 'Available', '2025-08-29 07:37:43.672', '2025-08-29 07:37:43.672'),
('cmewisxru00yafzmgvrkeg9nd', '10.106.58.216', 'Available', '2025-08-29 07:37:43.675', '2025-08-29 07:37:43.675'),
('cmewisxrx00ybfzmgs4c6luis', '10.106.58.217', 'Available', '2025-08-29 07:37:43.677', '2025-08-29 07:37:43.677'),
('cmewisxrz00ycfzmg3mzu3e3v', '10.106.58.218', 'Available', '2025-08-29 07:37:43.680', '2025-08-29 07:37:43.680'),
('cmewisxs200ydfzmghlem6ea3', '10.106.58.219', 'Available', '2025-08-29 07:37:43.682', '2025-08-29 07:37:43.682'),
('cmewisxs400yefzmg3frxdf56', '10.106.58.220', 'Available', '2025-08-29 07:37:43.685', '2025-08-29 07:37:43.685'),
('cmewisxs700yffzmgld62mvmt', '10.106.58.221', 'Available', '2025-08-29 07:37:43.687', '2025-08-29 07:37:43.687'),
('cmewisxs900ygfzmg5lqw298t', '10.106.58.222', 'Available', '2025-08-29 07:37:43.690', '2025-08-29 07:37:43.690'),
('cmewisxsc00yhfzmg1sbg231s', '10.106.58.223', 'Available', '2025-08-29 07:37:43.692', '2025-08-29 07:37:43.692'),
('cmewisxse00yifzmg80p7sboo', '10.106.58.224', 'Available', '2025-08-29 07:37:43.694', '2025-08-29 07:37:43.694'),
('cmewisxsg00yjfzmgh6okrazq', '10.106.58.225', 'Available', '2025-08-29 07:37:43.697', '2025-08-29 07:37:43.697'),
('cmewisxsj00ykfzmgcdqvok0r', '10.106.58.226', 'Available', '2025-08-29 07:37:43.700', '2025-08-29 07:37:43.700'),
('cmewisxsm00ylfzmghxtgts98', '10.106.58.227', 'Available', '2025-08-29 07:37:43.702', '2025-08-29 07:37:43.702'),
('cmewisxsq00ymfzmg2nbs09px', '10.106.58.228', 'Available', '2025-08-29 07:37:43.706', '2025-08-29 07:37:43.706'),
('cmewisxsu00ynfzmgkoqw5b6v', '10.106.58.229', 'Available', '2025-08-29 07:37:43.710', '2025-08-29 07:37:43.710'),
('cmewisxsx00yofzmgjl5s83ae', '10.106.58.230', 'Available', '2025-08-29 07:37:43.713', '2025-08-29 07:37:43.713'),
('cmewisxt100ypfzmg5gbz5p8w', '10.106.58.231', 'Available', '2025-08-29 07:37:43.717', '2025-08-29 07:37:43.717'),
('cmewisxt500yqfzmgs4pjonkn', '10.106.58.232', 'Available', '2025-08-29 07:37:43.721', '2025-08-29 07:37:43.721'),
('cmewisxt800yrfzmgy5amgfya', '10.106.58.233', 'Available', '2025-08-29 07:37:43.725', '2025-08-29 07:37:43.725'),
('cmewisxtc00ysfzmgu54js8uj', '10.106.58.234', 'Available', '2025-08-29 07:37:43.728', '2025-08-29 07:37:43.728'),
('cmewisxtf00ytfzmgt6ommzh5', '10.106.58.235', 'Available', '2025-08-29 07:37:43.731', '2025-08-29 07:37:43.731'),
('cmewisxth00yufzmgnx2a8r9y', '10.106.58.236', 'Available', '2025-08-29 07:37:43.734', '2025-08-29 07:37:43.734'),
('cmewisxtk00yvfzmgwhpbqvhd', '10.106.58.237', 'Available', '2025-08-29 07:37:43.736', '2025-08-29 07:37:43.736'),
('cmewisxto00ywfzmge40tbggv', '10.106.58.238', 'Available', '2025-08-29 07:37:43.740', '2025-08-29 07:37:43.740'),
('cmewisxtr00yxfzmgo1cmz6mm', '10.106.58.239', 'Available', '2025-08-29 07:37:43.743', '2025-08-29 07:37:43.743'),
('cmewisxtu00yyfzmgbsjjdctm', '10.106.58.240', 'Available', '2025-08-29 07:37:43.746', '2025-08-29 07:37:43.746'),
('cmewisxtw00yzfzmgcp9iozk7', '10.106.58.241', 'Available', '2025-08-29 07:37:43.748', '2025-08-29 07:37:43.748'),
('cmewisxty00z0fzmgp1bwoh7h', '10.106.58.242', 'Available', '2025-08-29 07:37:43.751', '2025-08-29 07:37:43.751'),
('cmewisxu100z1fzmgwek330ky', '10.106.58.243', 'Available', '2025-08-29 07:37:43.753', '2025-08-29 07:37:43.753'),
('cmewisxu400z2fzmg74g4db31', '10.106.58.244', 'Available', '2025-08-29 07:37:43.756', '2025-08-29 07:37:43.756'),
('cmewisxu700z3fzmg15gvz03f', '10.106.58.245', 'Available', '2025-08-29 07:37:43.759', '2025-08-29 07:37:43.759'),
('cmewisxua00z4fzmgtwk8kmxx', '10.106.58.246', 'Available', '2025-08-29 07:37:43.762', '2025-08-29 07:37:43.762'),
('cmewisxud00z5fzmgeer1it4r', '10.106.58.247', 'Available', '2025-08-29 07:37:43.765', '2025-08-29 07:37:43.765'),
('cmewisxug00z6fzmgs8fbxib0', '10.106.58.248', 'Available', '2025-08-29 07:37:43.769', '2025-08-29 07:37:43.769'),
('cmewisxuk00z7fzmg40oy40vt', '10.106.58.249', 'Available', '2025-08-29 07:37:43.772', '2025-08-29 07:37:43.772'),
('cmewisxun00z8fzmgws452i4k', '10.106.58.250', 'Available', '2025-08-29 07:37:43.775', '2025-08-29 07:37:43.775'),
('cmewisxuq00z9fzmgflzgr1k4', '10.106.58.251', 'Available', '2025-08-29 07:37:43.778', '2025-08-29 07:37:43.778'),
('cmewisxut00zafzmgp7e6yz9n', '10.106.58.252', 'Available', '2025-08-29 07:37:43.781', '2025-08-29 07:37:43.781'),
('cmewisxuv00zbfzmgwwdbxli9', '10.106.58.253', 'Available', '2025-08-29 07:37:43.784', '2025-08-29 07:37:43.784'),
('cmewisxuy00zcfzmgitd39yfa', '10.106.58.254', 'Available', '2025-08-29 07:37:43.786', '2025-08-29 07:37:43.786'),
('cmewisxv200zdfzmglqgwhw22', '10.106.59.1', 'Available', '2025-08-29 07:37:43.790', '2025-08-29 07:37:43.790'),
('cmewisxv600zefzmg531k48pt', '10.106.59.2', 'Available', '2025-08-29 07:37:43.795', '2025-08-29 07:37:43.795'),
('cmewisxva00zffzmgensh9zn4', '10.106.59.3', 'Available', '2025-08-29 07:37:43.798', '2025-08-29 07:37:43.798'),
('cmewisxvd00zgfzmg2fpm9zzs', '10.106.59.4', 'Available', '2025-08-29 07:37:43.802', '2025-08-29 07:37:43.802'),
('cmewisxvi00zhfzmg8aur0feb', '10.106.59.5', 'Available', '2025-08-29 07:37:43.806', '2025-08-29 07:37:43.806'),
('cmewisxvl00zifzmgqj8jukp8', '10.106.59.6', 'Available', '2025-08-29 07:37:43.810', '2025-08-29 07:37:43.810'),
('cmewisxvp00zjfzmgwn0b929z', '10.106.59.7', 'Available', '2025-08-29 07:37:43.813', '2025-08-29 07:37:43.813'),
('cmewisxvs00zkfzmg97s30sh0', '10.106.59.8', 'Available', '2025-08-29 07:37:43.816', '2025-08-29 07:37:43.816'),
('cmewisxvw00zlfzmgvp6obbcv', '10.106.59.9', 'Available', '2025-08-29 07:37:43.820', '2025-08-29 07:37:43.820'),
('cmewisxvz00zmfzmgktjo9dn0', '10.106.59.10', 'Available', '2025-08-29 07:37:43.823', '2025-08-29 07:37:43.823'),
('cmewisxw200znfzmgmxitbv6b', '10.106.59.11', 'Available', '2025-08-29 07:37:43.826', '2025-08-29 07:37:43.826'),
('cmewisxw400zofzmgbdiz66io', '10.106.59.12', 'Available', '2025-08-29 07:37:43.828', '2025-08-29 07:37:43.828'),
('cmewisxw700zpfzmgn9ny70pu', '10.106.59.13', 'Available', '2025-08-29 07:37:43.831', '2025-08-29 07:37:43.831'),
('cmewisxwa00zqfzmgw6emh2qo', '10.106.59.14', 'Available', '2025-08-29 07:37:43.834', '2025-08-29 07:37:43.834'),
('cmewisxwd00zrfzmg9i09o29q', '10.106.59.15', 'Available', '2025-08-29 07:37:43.837', '2025-08-29 07:37:43.837'),
('cmewisxwg00zsfzmg8h25xk10', '10.106.59.16', 'Available', '2025-08-29 07:37:43.841', '2025-08-29 07:37:43.841'),
('cmewisxwj00ztfzmgmfxywktf', '10.106.59.17', 'Available', '2025-08-29 07:37:43.844', '2025-08-29 07:37:43.844'),
('cmewisxwm00zufzmgu9tjwrn1', '10.106.59.18', 'Available', '2025-08-29 07:37:43.846', '2025-08-29 07:37:43.846'),
('cmewisxwp00zvfzmgs38f2189', '10.106.59.19', 'Available', '2025-08-29 07:37:43.849', '2025-08-29 07:37:43.849'),
('cmewisxwr00zwfzmgxugcrh23', '10.106.59.20', 'Available', '2025-08-29 07:37:43.852', '2025-08-29 07:37:43.852'),
('cmewisxwv00zxfzmggy6d0obe', '10.106.59.21', 'Available', '2025-08-29 07:37:43.856', '2025-08-29 07:37:43.856'),
('cmewisxwz00zyfzmgymq96r1h', '10.106.59.22', 'Available', '2025-08-29 07:37:43.859', '2025-08-29 07:37:43.859'),
('cmewisxx100zzfzmgbjj7ij5b', '10.106.59.23', 'Available', '2025-08-29 07:37:43.862', '2025-08-29 07:37:43.862'),
('cmewisxx40100fzmgdua3zdg9', '10.106.59.24', 'Available', '2025-08-29 07:37:43.865', '2025-08-29 07:37:43.865'),
('cmewisxx70101fzmgzh8ygum4', '10.106.59.25', 'Available', '2025-08-29 07:37:43.868', '2025-08-29 07:37:43.868'),
('cmewisxxb0102fzmgbthnka78', '10.106.59.26', 'Available', '2025-08-29 07:37:43.871', '2025-08-29 07:37:43.871'),
('cmewisxxd0103fzmg26va5slk', '10.106.59.27', 'Available', '2025-08-29 07:37:43.874', '2025-08-29 07:37:43.874'),
('cmewisxxg0104fzmg4frrmpzs', '10.106.59.28', 'Available', '2025-08-29 07:37:43.876', '2025-08-29 07:37:43.876'),
('cmewisxxi0105fzmgtdsr6azc', '10.106.59.29', 'Available', '2025-08-29 07:37:43.878', '2025-08-29 07:37:43.878'),
('cmewisxxl0106fzmgc8v1h88e', '10.106.59.30', 'Available', '2025-08-29 07:37:43.881', '2025-08-29 07:37:43.881'),
('cmewisxxn0107fzmgjsph51kd', '10.106.59.31', 'Available', '2025-08-29 07:37:43.884', '2025-08-29 07:37:43.884'),
('cmewisxxr0108fzmguwdaq8x0', '10.106.59.32', 'Available', '2025-08-29 07:37:43.887', '2025-08-29 07:37:43.887'),
('cmewisxxu0109fzmgqh8kr5qb', '10.106.59.33', 'Available', '2025-08-29 07:37:43.890', '2025-08-29 07:37:43.890'),
('cmewisxxw010afzmgekezbt6z', '10.106.59.34', 'Available', '2025-08-29 07:37:43.893', '2025-08-29 07:37:43.893'),
('cmewisxxz010bfzmgb2p4230p', '10.106.59.35', 'Available', '2025-08-29 07:37:43.895', '2025-08-29 07:37:43.895'),
('cmewisxy2010cfzmgo2r36alz', '10.106.59.36', 'Available', '2025-08-29 07:37:43.898', '2025-08-29 07:37:43.898'),
('cmewisxy4010dfzmg71x9mpyz', '10.106.59.37', 'Available', '2025-08-29 07:37:43.901', '2025-08-29 07:37:43.901'),
('cmewisxy8010efzmgz2vtgak7', '10.106.59.38', 'Available', '2025-08-29 07:37:43.904', '2025-08-29 07:37:43.904'),
('cmewisxyg010ffzmg8amm98ip', '10.106.59.39', 'Available', '2025-08-29 07:37:43.912', '2025-08-29 07:37:43.912'),
('cmewisxyi010gfzmgy80tpvod', '10.106.59.40', 'Available', '2025-08-29 07:37:43.914', '2025-08-29 07:37:43.914'),
('cmewisxyl010hfzmgz9apvgy8', '10.106.59.41', 'Available', '2025-08-29 07:37:43.917', '2025-08-29 07:37:43.917'),
('cmewisxyo010ifzmgxo41r3ol', '10.106.59.42', 'Available', '2025-08-29 07:37:43.921', '2025-08-29 07:37:43.921'),
('cmewisxyr010jfzmg6grn81nb', '10.106.59.43', 'Available', '2025-08-29 07:37:43.924', '2025-08-29 07:37:43.924'),
('cmewisxyt010kfzmgckdcmd6o', '10.106.59.44', 'Available', '2025-08-29 07:37:43.926', '2025-08-29 07:37:43.926'),
('cmewisxyx010lfzmgfcozho6y', '10.106.59.45', 'Available', '2025-08-29 07:37:43.929', '2025-08-29 07:37:43.929'),
('cmewisxyy010mfzmg7c9xhvxo', '10.106.59.46', 'Available', '2025-08-29 07:37:43.931', '2025-08-29 07:37:43.931'),
('cmewisxz0010nfzmgh5ds2j3s', '10.106.59.47', 'Available', '2025-08-29 07:37:43.933', '2025-08-29 07:37:43.933'),
('cmewisxz3010ofzmg180o24ul', '10.106.59.48', 'Available', '2025-08-29 07:37:43.935', '2025-08-29 07:37:43.935'),
('cmewisxz6010pfzmgqs6jzve0', '10.106.59.49', 'Available', '2025-08-29 07:37:43.939', '2025-08-29 07:37:43.939'),
('cmewisxz9010qfzmglonkpegg', '10.106.59.50', 'Available', '2025-08-29 07:37:43.941', '2025-09-19 08:50:48.278'),
('cmewisxzb010rfzmgjvr5k47v', '10.106.59.51', 'Available', '2025-08-29 07:37:43.943', '2025-09-19 08:46:39.356'),
('cmewisxzd010sfzmg3adqhk0q', '10.106.59.52', 'Assigned', '2025-08-29 07:37:43.945', '2025-09-19 08:49:53.065'),
('cmewisxzf010tfzmgalygvgqm', '10.106.59.53', 'Assigned', '2025-08-29 07:37:43.948', '2025-09-19 08:51:32.295'),
('cmewisxzh010ufzmgy6iihqsg', '10.106.59.54', 'Available', '2025-08-29 07:37:43.950', '2025-08-29 07:37:43.950'),
('cmewisxzj010vfzmgblk1ibco', '10.106.59.55', 'Available', '2025-08-29 07:37:43.951', '2025-08-29 07:37:43.951'),
('cmewisxzl010wfzmgfizvl4ae', '10.106.59.56', 'Available', '2025-08-29 07:37:43.953', '2025-08-29 07:37:43.953'),
('cmewisxzn010xfzmgp54sw2ms', '10.106.59.57', 'Available', '2025-08-29 07:37:43.956', '2025-08-29 07:37:43.956'),
('cmewisxzp010yfzmg102sya12', '10.106.59.58', 'Available', '2025-08-29 07:37:43.957', '2025-08-29 07:37:43.957'),
('cmewisxzr010zfzmg2i6bseer', '10.106.59.59', 'Available', '2025-08-29 07:37:43.959', '2025-08-29 07:37:43.959'),
('cmewisxzs0110fzmgf5723i26', '10.106.59.60', 'Available', '2025-08-29 07:37:43.961', '2025-08-29 07:37:43.961'),
('cmewisxzv0111fzmgsi2dotxa', '10.106.59.61', 'Available', '2025-08-29 07:37:43.963', '2025-08-29 07:37:43.963'),
('cmewisxzw0112fzmg2e7uvmcs', '10.106.59.62', 'Available', '2025-08-29 07:37:43.965', '2025-08-29 07:37:43.965'),
('cmewisxzy0113fzmgvxu0undg', '10.106.59.63', 'Available', '2025-08-29 07:37:43.967', '2025-08-29 07:37:43.967'),
('cmewisy000114fzmguavn97gl', '10.106.59.64', 'Available', '2025-08-29 07:37:43.968', '2025-08-29 07:37:43.968'),
('cmewisy020115fzmga031agm4', '10.106.59.65', 'Available', '2025-08-29 07:37:43.971', '2025-08-29 07:37:43.971'),
('cmewisy050116fzmgohjjap45', '10.106.59.66', 'Available', '2025-08-29 07:37:43.973', '2025-08-29 07:37:43.973'),
('cmewisy060117fzmggzqnwplb', '10.106.59.67', 'Available', '2025-08-29 07:37:43.975', '2025-08-29 07:37:43.975'),
('cmewisy080118fzmg4v4npqms', '10.106.59.68', 'Available', '2025-08-29 07:37:43.977', '2025-08-29 07:37:43.977'),
('cmewisy0a0119fzmgitr3tomr', '10.106.59.69', 'Available', '2025-08-29 07:37:43.979', '2025-08-29 07:37:43.979'),
('cmewisy0c011afzmgw82bo3l6', '10.106.59.70', 'Available', '2025-08-29 07:37:43.980', '2025-08-29 07:37:43.980'),
('cmewisy0e011bfzmgxv79oxnk', '10.106.59.71', 'Available', '2025-08-29 07:37:43.982', '2025-08-29 07:37:43.982'),
('cmewisy0f011cfzmgovqfzad8', '10.106.59.72', 'Available', '2025-08-29 07:37:43.984', '2025-08-29 07:37:43.984'),
('cmewisy0i011dfzmg6y7jtj88', '10.106.59.73', 'Available', '2025-08-29 07:37:43.986', '2025-08-29 07:37:43.986'),
('cmewisy0k011efzmgedstppev', '10.106.59.74', 'Available', '2025-08-29 07:37:43.989', '2025-08-29 07:37:43.989'),
('cmewisy0n011ffzmgghu4vof1', '10.106.59.75', 'Available', '2025-08-29 07:37:43.991', '2025-08-29 07:37:43.991'),
('cmewisy0o011gfzmg6ywftozn', '10.106.59.76', 'Available', '2025-08-29 07:37:43.993', '2025-08-29 07:37:43.993'),
('cmewisy0r011hfzmgkuwfnbmy', '10.106.59.77', 'Available', '2025-08-29 07:37:43.995', '2025-08-29 07:37:43.995'),
('cmewisy0t011ifzmggfbb8a3c', '10.106.59.78', 'Available', '2025-08-29 07:37:43.997', '2025-08-29 07:37:43.997'),
('cmewisy0u011jfzmgyku2u3pb', '10.106.59.79', 'Available', '2025-08-29 07:37:43.999', '2025-08-29 07:37:43.999'),
('cmewisy0w011kfzmgsvedfchp', '10.106.59.80', 'Available', '2025-08-29 07:37:44.001', '2025-08-29 07:37:44.001'),
('cmewisy0z011lfzmg9ogulshn', '10.106.59.81', 'Available', '2025-08-29 07:37:44.004', '2025-08-29 07:37:44.004'),
('cmewisy12011mfzmg8z0ibcta', '10.106.59.82', 'Available', '2025-08-29 07:37:44.006', '2025-08-29 07:37:44.006'),
('cmewisy14011nfzmg5x7ujlcx', '10.106.59.83', 'Available', '2025-08-29 07:37:44.008', '2025-08-29 07:37:44.008'),
('cmewisy15011ofzmgv897wlz6', '10.106.59.84', 'Available', '2025-08-29 07:37:44.010', '2025-08-29 07:37:44.010'),
('cmewisy17011pfzmgjbunhsgp', '10.106.59.85', 'Available', '2025-08-29 07:37:44.012', '2025-08-29 07:37:44.012'),
('cmewisy19011qfzmg555hl09m', '10.106.59.86', 'Available', '2025-08-29 07:37:44.013', '2025-08-29 07:37:44.013'),
('cmewisy1b011rfzmg6smfjycm', '10.106.59.87', 'Available', '2025-08-29 07:37:44.015', '2025-08-29 07:37:44.015'),
('cmewisy1c011sfzmgozqvph2w', '10.106.59.88', 'Available', '2025-08-29 07:37:44.017', '2025-08-29 07:37:44.017'),
('cmewisy1f011tfzmga3seskxr', '10.106.59.89', 'Available', '2025-08-29 07:37:44.019', '2025-08-29 07:37:44.019'),
('cmewisy1i011ufzmg3o87riek', '10.106.59.90', 'Available', '2025-08-29 07:37:44.022', '2025-08-29 07:37:44.022'),
('cmewisy1j011vfzmgiwt8smu9', '10.106.59.91', 'Available', '2025-08-29 07:37:44.024', '2025-08-29 07:37:44.024'),
('cmewisy1l011wfzmgluja67az', '10.106.59.92', 'Available', '2025-08-29 07:37:44.026', '2025-08-29 07:37:44.026'),
('cmewisy1n011xfzmgkn9jhb7g', '10.106.59.93', 'Available', '2025-08-29 07:37:44.028', '2025-08-29 07:37:44.028'),
('cmewisy1p011yfzmgdzhte8a2', '10.106.59.94', 'Available', '2025-08-29 07:37:44.029', '2025-08-29 07:37:44.029'),
('cmewisy1r011zfzmgj2anpol6', '10.106.59.95', 'Available', '2025-08-29 07:37:44.031', '2025-08-29 07:37:44.031'),
('cmewisy1t0120fzmg1acdtv5n', '10.106.59.96', 'Available', '2025-08-29 07:37:44.033', '2025-08-29 07:37:44.033'),
('cmewisy1v0121fzmgtzgxk4so', '10.106.59.97', 'Available', '2025-08-29 07:37:44.035', '2025-08-29 07:37:44.035'),
('cmewisy1x0122fzmgi4gdymza', '10.106.59.98', 'Available', '2025-08-29 07:37:44.037', '2025-08-29 07:37:44.037'),
('cmewisy1z0123fzmgz1axc2a1', '10.106.59.99', 'Available', '2025-08-29 07:37:44.040', '2025-08-29 07:37:44.040'),
('cmewisy210124fzmgkc2ego66', '10.106.59.100', 'Available', '2025-08-29 07:37:44.041', '2025-08-29 07:37:44.041'),
('cmewisy230125fzmgfkko5au9', '10.106.59.101', 'Available', '2025-08-29 07:37:44.044', '2025-09-05 09:04:35.807'),
('cmewisy250126fzmgus48ikbt', '10.106.59.102', 'Available', '2025-08-29 07:37:44.046', '2025-08-29 07:37:44.046'),
('cmewisy270127fzmg937ascvp', '10.106.59.103', 'Available', '2025-08-29 07:37:44.047', '2025-08-29 07:37:44.047'),
('cmewisy280128fzmgvsphylwk', '10.106.59.104', 'Available', '2025-08-29 07:37:44.049', '2025-08-29 07:37:44.049'),
('cmewisy2a0129fzmgtt2vr3x4', '10.106.59.105', 'Available', '2025-08-29 07:37:44.050', '2025-08-29 07:37:44.050'),
('cmewisy2c012afzmgp6z804li', '10.106.59.106', 'Available', '2025-08-29 07:37:44.052', '2025-08-29 07:37:44.052'),
('cmewisy2e012bfzmgvrsx6fow', '10.106.59.107', 'Available', '2025-08-29 07:37:44.055', '2025-08-29 07:37:44.055'),
('cmewisy2g012cfzmgo9xgrcmp', '10.106.59.108', 'Available', '2025-08-29 07:37:44.057', '2025-08-29 07:37:44.057'),
('cmewisy2i012dfzmgfkthiokh', '10.106.59.109', 'Available', '2025-08-29 07:37:44.059', '2025-08-29 07:37:44.059'),
('cmewisy2k012efzmg9i58p4ty', '10.106.59.110', 'Available', '2025-08-29 07:37:44.061', '2025-08-29 07:37:44.061'),
('cmewisy2m012ffzmg5wskhl46', '10.106.59.111', 'Available', '2025-08-29 07:37:44.062', '2025-08-29 07:37:44.062'),
('cmewisy2o012gfzmgszm8d6jj', '10.106.59.112', 'Available', '2025-08-29 07:37:44.064', '2025-08-29 07:37:44.064'),
('cmewisy2p012hfzmgcn9fhdpx', '10.106.59.113', 'Available', '2025-08-29 07:37:44.066', '2025-08-29 07:37:44.066'),
('cmewisy2r012ifzmgs02m5p28', '10.106.59.114', 'Available', '2025-08-29 07:37:44.067', '2025-08-29 07:37:44.067'),
('cmewisy2t012jfzmgpbakgr8k', '10.106.59.115', 'Available', '2025-08-29 07:37:44.069', '2025-08-29 07:37:44.069'),
('cmewisy2v012kfzmg21sxwgwc', '10.106.59.116', 'Available', '2025-08-29 07:37:44.072', '2025-08-29 07:37:44.072'),
('cmewisy2x012lfzmgvzez5gfx', '10.106.59.117', 'Available', '2025-08-29 07:37:44.074', '2025-08-29 07:37:44.074'),
('cmewisy30012mfzmg71d69jb2', '10.106.59.118', 'Available', '2025-08-29 07:37:44.076', '2025-08-29 07:37:44.076'),
('cmewisy32012nfzmg39ms64py', '10.106.59.119', 'Available', '2025-08-29 07:37:44.078', '2025-08-29 07:37:44.078'),
('cmewisy34012ofzmgvtjze3ik', '10.106.59.120', 'Available', '2025-08-29 07:37:44.080', '2025-08-29 07:37:44.080'),
('cmewisy36012pfzmgmb25le0e', '10.106.59.121', 'Available', '2025-08-29 07:37:44.082', '2025-08-29 07:37:44.082'),
('cmewisy37012qfzmg7a34fitx', '10.106.59.122', 'Available', '2025-08-29 07:37:44.084', '2025-08-29 07:37:44.084'),
('cmewisy39012rfzmgm5bs3yyu', '10.106.59.123', 'Available', '2025-08-29 07:37:44.086', '2025-08-29 07:37:44.086'),
('cmewisy3c012sfzmgrp13ecu9', '10.106.59.124', 'Available', '2025-08-29 07:37:44.089', '2025-08-29 07:37:44.089'),
('cmewisy3f012tfzmg90xzv8cz', '10.106.59.125', 'Available', '2025-08-29 07:37:44.091', '2025-08-29 07:37:44.091'),
('cmewisy3h012ufzmgc207j6cs', '10.106.59.126', 'Available', '2025-08-29 07:37:44.093', '2025-08-29 07:37:44.093'),
('cmewisy3j012vfzmgoa5cdtrk', '10.106.59.127', 'Available', '2025-08-29 07:37:44.095', '2025-08-29 07:37:44.095'),
('cmewisy3k012wfzmgbqr0g2t6', '10.106.59.128', 'Available', '2025-08-29 07:37:44.097', '2025-08-29 07:37:44.097'),
('cmewisy3m012xfzmg6divd5ap', '10.106.59.129', 'Available', '2025-08-29 07:37:44.099', '2025-08-29 07:37:44.099'),
('cmewisy3o012yfzmgwzaox9j3', '10.106.59.130', 'Available', '2025-08-29 07:37:44.100', '2025-08-29 07:37:44.100'),
('cmewisy3p012zfzmggsxue2uk', '10.106.59.131', 'Available', '2025-08-29 07:37:44.102', '2025-08-29 07:37:44.102'),
('cmewisy3s0130fzmgnr1o91t8', '10.106.59.132', 'Available', '2025-08-29 07:37:44.105', '2025-08-29 07:37:44.105'),
('cmewisy3u0131fzmglnjihurr', '10.106.59.133', 'Available', '2025-08-29 07:37:44.107', '2025-08-29 07:37:44.107'),
('cmewisy3w0132fzmglhpbmh3p', '10.106.59.134', 'Available', '2025-08-29 07:37:44.109', '2025-08-29 07:37:44.109'),
('cmewisy3y0133fzmgorat7pfy', '10.106.59.135', 'Available', '2025-08-29 07:37:44.110', '2025-08-29 07:37:44.110'),
('cmewisy400134fzmgt2eh4efm', '10.106.59.136', 'Available', '2025-08-29 07:37:44.112', '2025-08-29 07:37:44.112'),
('cmewisy410135fzmgr74e4tq1', '10.106.59.137', 'Available', '2025-08-29 07:37:44.114', '2025-08-29 07:37:44.114'),
('cmewisy430136fzmgu2i2nh9p', '10.106.59.138', 'Available', '2025-08-29 07:37:44.116', '2025-08-29 07:37:44.116'),
('cmewisy450137fzmgzwkeh17l', '10.106.59.139', 'Available', '2025-08-29 07:37:44.117', '2025-08-29 07:37:44.117'),
('cmewisy460138fzmghcq2l2y7', '10.106.59.140', 'Available', '2025-08-29 07:37:44.119', '2025-08-29 07:37:44.119'),
('cmewisy490139fzmg80e262mu', '10.106.59.141', 'Available', '2025-08-29 07:37:44.121', '2025-08-29 07:37:44.121'),
('cmewisy4b013afzmghly7plzd', '10.106.59.142', 'Available', '2025-08-29 07:37:44.123', '2025-08-29 07:37:44.123'),
('cmewisy4d013bfzmgrh6qzxov', '10.106.59.143', 'Available', '2025-08-29 07:37:44.125', '2025-08-29 07:37:44.125'),
('cmewisy4e013cfzmgi368zqzi', '10.106.59.144', 'Available', '2025-08-29 07:37:44.127', '2025-08-29 07:37:44.127'),
('cmewisy4g013dfzmgae6a6zxx', '10.106.59.145', 'Available', '2025-08-29 07:37:44.129', '2025-08-29 07:37:44.129'),
('cmewisy4i013efzmgcm4hjrgr', '10.106.59.146', 'Available', '2025-08-29 07:37:44.130', '2025-08-29 07:37:44.130'),
('cmewisy4j013ffzmg1mcbng39', '10.106.59.147', 'Available', '2025-08-29 07:37:44.132', '2025-08-29 07:37:44.132'),
('cmewisy4l013gfzmglr23lkyp', '10.106.59.148', 'Available', '2025-08-29 07:37:44.133', '2025-08-29 07:37:44.133'),
('cmewisy4m013hfzmggdr0xhrz', '10.106.59.149', 'Available', '2025-08-29 07:37:44.135', '2025-08-29 07:37:44.135'),
('cmewisy4o013ifzmgvso4fj9q', '10.106.59.150', 'Available', '2025-08-29 07:37:44.137', '2025-08-29 07:37:44.137'),
('cmewisy4r013jfzmg1izy53yo', '10.106.59.151', 'Available', '2025-08-29 07:37:44.139', '2025-08-29 07:37:44.139'),
('cmewisy4t013kfzmgd18mwn0t', '10.106.59.152', 'Available', '2025-08-29 07:37:44.141', '2025-08-29 07:37:44.141'),
('cmewisy4u013lfzmgw643dzz3', '10.106.59.153', 'Available', '2025-08-29 07:37:44.143', '2025-08-29 07:37:44.143'),
('cmewisy4w013mfzmg0t3thawg', '10.106.59.154', 'Available', '2025-08-29 07:37:44.144', '2025-08-29 07:37:44.144'),
('cmewisy4y013nfzmgt317csc3', '10.106.59.155', 'Available', '2025-08-29 07:37:44.146', '2025-08-29 07:37:44.146'),
('cmewisy4z013ofzmg1gz5f5tx', '10.106.59.156', 'Available', '2025-08-29 07:37:44.148', '2025-08-29 07:37:44.148'),
('cmewisy51013pfzmgd2llonbg', '10.106.59.157', 'Available', '2025-08-29 07:37:44.149', '2025-08-29 07:37:44.149'),
('cmewisy53013qfzmgr35vw8sx', '10.106.59.158', 'Available', '2025-08-29 07:37:44.151', '2025-08-29 07:37:44.151'),
('cmewisy55013rfzmgi6jxx3a2', '10.106.59.159', 'Available', '2025-08-29 07:37:44.153', '2025-08-29 07:37:44.153'),
('cmewisy57013sfzmgl7m6l3ql', '10.106.59.160', 'Available', '2025-08-29 07:37:44.156', '2025-08-29 07:37:44.156'),
('cmewisy59013tfzmg2159m20z', '10.106.59.161', 'Available', '2025-08-29 07:37:44.157', '2025-09-15 05:37:03.101'),
('cmewisy5b013ufzmgk4lr5b66', '10.106.59.162', 'Available', '2025-08-29 07:37:44.159', '2025-09-15 07:41:05.468'),
('cmewisy5c013vfzmgjgb4tl27', '10.106.59.163', 'Available', '2025-08-29 07:37:44.161', '2025-08-29 07:37:44.161'),
('cmewisy5e013wfzmglp25ry1w', '10.106.59.164', 'Available', '2025-08-29 07:37:44.162', '2025-08-29 07:37:44.162'),
('cmewisy5f013xfzmgk17xf5r4', '10.106.59.165', 'Available', '2025-08-29 07:37:44.164', '2025-08-29 07:37:44.164'),
('cmewisy5h013yfzmg5ld8jnew', '10.106.59.166', 'Available', '2025-08-29 07:37:44.165', '2025-08-29 07:37:44.165'),
('cmewisy5i013zfzmgrmvl28iv', '10.106.59.167', 'Available', '2025-08-29 07:37:44.167', '2025-08-29 07:37:44.167'),
('cmewisy5k0140fzmgv9kns6gf', '10.106.59.168', 'Available', '2025-08-29 07:37:44.169', '2025-08-29 07:37:44.169'),
('cmewisy5n0141fzmglc100vb1', '10.106.59.169', 'Available', '2025-08-29 07:37:44.171', '2025-08-29 07:37:44.171'),
('cmewisy5p0142fzmg8al9snbq', '10.106.59.170', 'Available', '2025-08-29 07:37:44.173', '2025-08-29 07:37:44.173'),
('cmewisy5q0143fzmgn2hizbi4', '10.106.59.171', 'Available', '2025-08-29 07:37:44.175', '2025-08-29 07:37:44.175'),
('cmewisy5s0144fzmgmp8j7fzx', '10.106.59.172', 'Available', '2025-08-29 07:37:44.176', '2025-08-29 07:37:44.176'),
('cmewisy5u0145fzmgv1uihiel', '10.106.59.173', 'Available', '2025-08-29 07:37:44.178', '2025-08-29 07:37:44.178'),
('cmewisy5v0146fzmgtukco7ef', '10.106.59.174', 'Available', '2025-08-29 07:37:44.180', '2025-08-29 07:37:44.180'),
('cmewisy5x0147fzmgxeg4rwvh', '10.106.59.175', 'Available', '2025-08-29 07:37:44.181', '2025-08-29 07:37:44.181'),
('cmewisy5z0148fzmgp7xtt95g', '10.106.59.176', 'Available', '2025-08-29 07:37:44.183', '2025-08-29 07:37:44.183'),
('cmewisy610149fzmgtr3c8233', '10.106.59.177', 'Available', '2025-08-29 07:37:44.185', '2025-08-29 07:37:44.185'),
('cmewisy63014afzmgdp54o2q9', '10.106.59.178', 'Available', '2025-08-29 07:37:44.188', '2025-08-29 07:37:44.188'),
('cmewisy65014bfzmgg9epobti', '10.106.59.179', 'Available', '2025-08-29 07:37:44.190', '2025-08-29 07:37:44.190'),
('cmewisy68014cfzmgma4b0g19', '10.106.59.180', 'Available', '2025-08-29 07:37:44.192', '2025-08-29 07:37:44.192'),
('cmewisy6a014dfzmgtbwhculx', '10.106.59.181', 'Available', '2025-08-29 07:37:44.194', '2025-08-29 07:37:44.194'),
('cmewisy6c014efzmgro6ifg23', '10.106.59.182', 'Available', '2025-08-29 07:37:44.196', '2025-08-29 07:37:44.196'),
('cmewisy6e014ffzmgo1xmy5c1', '10.106.59.183', 'Available', '2025-08-29 07:37:44.198', '2025-08-29 07:37:44.198'),
('cmewisy6f014gfzmg1h5qcc64', '10.106.59.184', 'Available', '2025-08-29 07:37:44.200', '2025-08-29 07:37:44.200'),
('cmewisy6h014hfzmgx851ovj8', '10.106.59.185', 'Available', '2025-08-29 07:37:44.202', '2025-08-29 07:37:44.202'),
('cmewisy6j014ifzmgc4qh37a7', '10.106.59.186', 'Available', '2025-08-29 07:37:44.204', '2025-08-29 07:37:44.204'),
('cmewisy6m014jfzmg24vpdhyj', '10.106.59.187', 'Available', '2025-08-29 07:37:44.206', '2025-08-29 07:37:44.206'),
('cmewisy6o014kfzmglejqpjl3', '10.106.59.188', 'Available', '2025-08-29 07:37:44.208', '2025-08-29 07:37:44.208'),
('cmewisy6q014lfzmg6c0tdeqh', '10.106.59.189', 'Available', '2025-08-29 07:37:44.210', '2025-08-29 07:37:44.210'),
('cmewisy6s014mfzmgh2vz3rtb', '10.106.59.190', 'Available', '2025-08-29 07:37:44.212', '2025-08-29 07:37:44.212'),
('cmewisy6u014nfzmgjum2e88q', '10.106.59.191', 'Available', '2025-08-29 07:37:44.214', '2025-08-29 07:37:44.214'),
('cmewisy6w014ofzmghvv3mw0a', '10.106.59.192', 'Available', '2025-08-29 07:37:44.216', '2025-08-29 07:37:44.216'),
('cmewisy6y014pfzmgsz4948tw', '10.106.59.193', 'Available', '2025-08-29 07:37:44.218', '2025-08-29 07:37:44.218'),
('cmewisy70014qfzmg0ws1n5te', '10.106.59.194', 'Available', '2025-08-29 07:37:44.220', '2025-08-29 07:37:44.220'),
('cmewisy72014rfzmg4q2t2mf4', '10.106.59.195', 'Available', '2025-08-29 07:37:44.222', '2025-08-29 07:37:44.222'),
('cmewisy74014sfzmgmmyuiqvc', '10.106.59.196', 'Available', '2025-08-29 07:37:44.224', '2025-08-29 07:37:44.224'),
('cmewisy75014tfzmg2ve0w3cd', '10.106.59.197', 'Available', '2025-08-29 07:37:44.226', '2025-08-29 07:37:44.226'),
('cmewisy77014ufzmgg66xo3fu', '10.106.59.198', 'Available', '2025-08-29 07:37:44.227', '2025-08-29 07:37:44.227'),
('cmewisy79014vfzmg73cp8fhc', '10.106.59.199', 'Available', '2025-08-29 07:37:44.229', '2025-08-29 07:37:44.229'),
('cmewisy7a014wfzmgbbi38g0h', '10.106.59.200', 'Available', '2025-08-29 07:37:44.230', '2025-08-29 07:37:44.230'),
('cmewisy7c014xfzmgksv56pd0', '10.106.59.201', 'Available', '2025-08-29 07:37:44.232', '2025-08-29 07:37:44.232'),
('cmewisy7e014yfzmgw28rm2af', '10.106.59.202', 'Available', '2025-08-29 07:37:44.234', '2025-08-29 07:37:44.234'),
('cmewisy7f014zfzmgv9hz61mm', '10.106.59.203', 'Available', '2025-08-29 07:37:44.236', '2025-08-29 07:37:44.236'),
('cmewisy7i0150fzmg1ym36ndv', '10.106.59.204', 'Available', '2025-08-29 07:37:44.239', '2025-08-29 07:37:44.239'),
('cmewisy7k0151fzmgg1fowqev', '10.106.59.205', 'Available', '2025-08-29 07:37:44.240', '2025-08-29 07:37:44.240'),
('cmewisy7m0152fzmgo39gm2h1', '10.106.59.206', 'Available', '2025-08-29 07:37:44.242', '2025-08-29 07:37:44.242'),
('cmewisy7n0153fzmg17vy3gxm', '10.106.59.207', 'Available', '2025-08-29 07:37:44.244', '2025-08-29 07:37:44.244'),
('cmewisy7p0154fzmgn0s4e8xc', '10.106.59.208', 'Available', '2025-08-29 07:37:44.245', '2025-08-29 07:37:44.245'),
('cmewisy7r0155fzmgufmrh3pr', '10.106.59.209', 'Available', '2025-08-29 07:37:44.247', '2025-08-29 07:37:44.247'),
('cmewisy7t0156fzmgxtafoog4', '10.106.59.210', 'Available', '2025-08-29 07:37:44.249', '2025-08-29 07:37:44.249'),
('cmewisy7v0157fzmgfpau169h', '10.106.59.211', 'Available', '2025-08-29 07:37:44.251', '2025-08-29 07:37:44.251'),
('cmewisy7w0158fzmgntipzlha', '10.106.59.212', 'Available', '2025-08-29 07:37:44.253', '2025-08-29 07:37:44.253'),
('cmewisy7z0159fzmgorplu7wp', '10.106.59.213', 'Available', '2025-08-29 07:37:44.255', '2025-08-29 07:37:44.255'),
('cmewisy81015afzmg24k98w34', '10.106.59.214', 'Available', '2025-08-29 07:37:44.257', '2025-08-29 07:37:44.257'),
('cmewisy82015bfzmg1urm5ikn', '10.106.59.215', 'Available', '2025-08-29 07:37:44.259', '2025-08-29 07:37:44.259'),
('cmewisy84015cfzmgpjsm1na7', '10.106.59.216', 'Available', '2025-08-29 07:37:44.260', '2025-08-29 07:37:44.260'),
('cmewisy86015dfzmg2cx89nfb', '10.106.59.217', 'Available', '2025-08-29 07:37:44.262', '2025-08-29 07:37:44.262'),
('cmewisy88015efzmgqbftq5t9', '10.106.59.218', 'Available', '2025-08-29 07:37:44.264', '2025-08-29 07:37:44.264'),
('cmewisy89015ffzmgopsx6wwp', '10.106.59.219', 'Available', '2025-08-29 07:37:44.266', '2025-08-29 07:37:44.266'),
('cmewisy8b015gfzmgupjyl06s', '10.106.59.220', 'Available', '2025-08-29 07:37:44.267', '2025-08-29 07:37:44.267'),
('cmewisy8d015hfzmg3d1hp8wd', '10.106.59.221', 'Available', '2025-08-29 07:37:44.269', '2025-08-29 07:37:44.269'),
('cmewisy8f015ifzmguvuj3utd', '10.106.59.222', 'Available', '2025-08-29 07:37:44.271', '2025-08-29 07:37:44.271'),
('cmewisy8h015jfzmgu4f7b0rp', '10.106.59.223', 'Available', '2025-08-29 07:37:44.273', '2025-08-29 07:37:44.273'),
('cmewisy8i015kfzmgce25davv', '10.106.59.224', 'Available', '2025-08-29 07:37:44.275', '2025-08-29 07:37:44.275'),
('cmewisy8k015lfzmgl70e6ydu', '10.106.59.225', 'Available', '2025-08-29 07:37:44.276', '2025-08-29 07:37:44.276'),
('cmewisy8m015mfzmgg4y95qrn', '10.106.59.226', 'Available', '2025-08-29 07:37:44.278', '2025-08-29 07:37:44.278'),
('cmewisy8o015nfzmgsevvx555', '10.106.59.227', 'Available', '2025-08-29 07:37:44.280', '2025-08-29 07:37:44.280'),
('cmewisy8q015ofzmgu7x2d3ni', '10.106.59.228', 'Available', '2025-08-29 07:37:44.283', '2025-08-29 07:37:44.283'),
('cmewisy8t015pfzmgn2rmcxzj', '10.106.59.229', 'Available', '2025-08-29 07:37:44.285', '2025-08-29 07:37:44.285'),
('cmewisy8w015qfzmgh6y3mm36', '10.106.59.230', 'Available', '2025-08-29 07:37:44.289', '2025-08-29 07:37:44.289'),
('cmewisy8z015rfzmgxz6hlb1b', '10.106.59.231', 'Available', '2025-08-29 07:37:44.291', '2025-08-29 07:37:44.291'),
('cmewisy92015sfzmglqknh9m9', '10.106.59.232', 'Available', '2025-08-29 07:37:44.294', '2025-08-29 07:37:44.294'),
('cmewisy95015tfzmgpnlany1p', '10.106.59.233', 'Available', '2025-08-29 07:37:44.298', '2025-08-29 07:37:44.298'),
('cmewisy98015ufzmgyu4x5l37', '10.106.59.234', 'Available', '2025-08-29 07:37:44.300', '2025-08-29 07:37:44.300'),
('cmewisy9b015vfzmgm758a0d1', '10.106.59.235', 'Available', '2025-08-29 07:37:44.303', '2025-08-29 07:37:44.303'),
('cmewisy9e015wfzmg6qtg5ciw', '10.106.59.236', 'Available', '2025-08-29 07:37:44.307', '2025-08-29 07:37:44.307'),
('cmewisy9h015xfzmgnksr788z', '10.106.59.237', 'Available', '2025-08-29 07:37:44.310', '2025-08-29 07:37:44.310'),
('cmewisy9k015yfzmga4lfdams', '10.106.59.238', 'Available', '2025-08-29 07:37:44.312', '2025-08-29 07:37:44.312'),
('cmewisy9m015zfzmg76ow9xms', '10.106.59.239', 'Available', '2025-08-29 07:37:44.315', '2025-08-29 07:37:44.315'),
('cmewisy9p0160fzmghv66rwcd', '10.106.59.240', 'Available', '2025-08-29 07:37:44.317', '2025-08-29 07:37:44.317'),
('cmewisy9s0161fzmgc4te6e70', '10.106.59.241', 'Available', '2025-08-29 07:37:44.321', '2025-08-29 07:37:44.321'),
('cmewisy9w0162fzmgh5xr4jz8', '10.106.59.242', 'Available', '2025-08-29 07:37:44.324', '2025-08-29 07:37:44.324'),
('cmewisy9z0163fzmgo0qd9px2', '10.106.59.243', 'Available', '2025-08-29 07:37:44.327', '2025-08-29 07:37:44.327'),
('cmewisya10164fzmg8jdatdch', '10.106.59.244', 'Available', '2025-08-29 07:37:44.329', '2025-08-29 07:37:44.329'),
('cmewisya30165fzmgsz0dvwcr', '10.106.59.245', 'Available', '2025-08-29 07:37:44.331', '2025-08-29 07:37:44.331'),
('cmewisya50166fzmg1bmjfasr', '10.106.59.246', 'Available', '2025-08-29 07:37:44.333', '2025-08-29 07:37:44.333'),
('cmewisya70167fzmgxp1eu6u5', '10.106.59.247', 'Available', '2025-08-29 07:37:44.335', '2025-08-29 07:37:44.335'),
('cmewisya90168fzmgqeuxwxjb', '10.106.59.248', 'Available', '2025-08-29 07:37:44.337', '2025-08-29 07:37:44.337'),
('cmewisyac0169fzmgouldhvp1', '10.106.59.249', 'Available', '2025-08-29 07:37:44.340', '2025-08-29 07:37:44.340'),
('cmewisyaf016afzmgleiee7ud', '10.106.59.250', 'Available', '2025-08-29 07:37:44.343', '2025-08-29 07:37:44.343'),
('cmewisyah016bfzmgeunlyer6', '10.106.59.251', 'Available', '2025-08-29 07:37:44.345', '2025-08-29 07:37:44.345'),
('cmewisyak016cfzmgx4zmi574', '10.106.59.252', 'Available', '2025-08-29 07:37:44.348', '2025-08-29 07:37:44.348'),
('cmewisyan016dfzmguc5pvz2t', '10.106.59.253', 'Available', '2025-08-29 07:37:44.351', '2025-08-29 07:37:44.351'),
('cmewisyap016efzmgz34gqm8p', '10.106.59.254', 'Available', '2025-08-29 07:37:44.354', '2025-08-29 07:37:44.354');

-- --------------------------------------------------------

--
-- Table structure for table `user`
--

CREATE TABLE `user` (
  `id` varchar(191) COLLATE utf8mb4_unicode_ci NOT NULL,
  `rank` varchar(191) COLLATE utf8mb4_unicode_ci NOT NULL,
  `firstName` varchar(191) COLLATE utf8mb4_unicode_ci NOT NULL,
  `lastName` varchar(191) COLLATE utf8mb4_unicode_ci NOT NULL,
  `username` varchar(191) COLLATE utf8mb4_unicode_ci NOT NULL,
  `password` varchar(191) COLLATE utf8mb4_unicode_ci NOT NULL,
  `createdAt` datetime(3) NOT NULL DEFAULT current_timestamp(3),
  `updatedAt` datetime(3) NOT NULL,
  `contactNumber` varchar(191) COLLATE utf8mb4_unicode_ci DEFAULT NULL
) ENGINE=InnoDB DEFAULT CHARSET=utf8mb4 COLLATE=utf8mb4_unicode_ci;

--
-- Dumping data for table `user`
--

INSERT INTO `user` (`id`, `rank`, `firstName`, `lastName`, `username`, `password`, `createdAt`, `updatedAt`, `contactNumber`) VALUES
('cmfqlmmcb0000fzhgh58erziw', 'จ.ท.หญิง', 'rrrrhh', 'ioioioi', 'user2', '$2b$10$WwYVlTeh0/sAZnezx3puOukpbIl.PQFJ6N./Fxg5EVPlYDzsQSMr2', '2025-09-19 08:49:53.051', '2025-09-19 08:49:53.051', '0214525412'),
('cmfqloqwn0003fzhgos7i5xxw', 'จ.ท.', 'สุระ', 'มีบรรจง', 'user1', '$2b$10$FgsA7gaSoRkfFOsxWLO3YeMCKih8f2mmaQ00kpWAPh.41MqYJT18e', '2025-09-19 08:51:32.279', '2025-09-19 08:51:32.279', '0254525685');

-- --------------------------------------------------------

--
-- Table structure for table `_prisma_migrations`
--

CREATE TABLE `_prisma_migrations` (
  `id` varchar(36) COLLATE utf8mb4_unicode_ci NOT NULL,
  `checksum` varchar(64) COLLATE utf8mb4_unicode_ci NOT NULL,
  `finished_at` datetime(3) DEFAULT NULL,
  `migration_name` varchar(255) COLLATE utf8mb4_unicode_ci NOT NULL,
  `logs` text COLLATE utf8mb4_unicode_ci DEFAULT NULL,
  `rolled_back_at` datetime(3) DEFAULT NULL,
  `started_at` datetime(3) NOT NULL DEFAULT current_timestamp(3),
  `applied_steps_count` int(10) UNSIGNED NOT NULL DEFAULT 0
) ENGINE=InnoDB DEFAULT CHARSET=utf8mb4 COLLATE=utf8mb4_unicode_ci;

--
-- Dumping data for table `_prisma_migrations`
--

INSERT INTO `_prisma_migrations` (`id`, `checksum`, `finished_at`, `migration_name`, `logs`, `rolled_back_at`, `started_at`, `applied_steps_count`) VALUES
('0296d6b7-5653-4870-9d9b-9b886f11cf9a', 'ab17cda6c2bd598df587b98830bf919d7d09ec342cd92cc52760974f50f76888', '2025-08-29 07:37:25.658', '20250829050034_add_admin_model', NULL, NULL, '2025-08-29 07:37:25.609', 1),
('0465ab4a-6734-479e-9148-7352290e2522', '12c8a16e51a01a22743341b8c530570390c8b26c937f56c614862676fa5ea7d9', '2025-09-19 07:25:35.487', '20250903070922_add_notes_to_device', NULL, NULL, '2025-09-19 07:25:35.469', 1),
('0e27d0d2-5053-481b-91c0-9806b4bab5e6', '4aec321e316c05e9ac829f8a66831b0a3bd2466fff4b524270253ce816dbea77', '2025-09-19 07:25:35.503', '20250911061810_update_user_contact_number', NULL, NULL, '2025-09-19 07:25:35.488', 1),
('168ff7ed-3398-41b1-abd2-0ac15bfe2b65', '3132bd1a82ff1fda07d8676e449ecd426be1e8381d4df87f365e4f730d38580a', '2025-09-19 07:25:35.625', '20250918031115_make_model_contact_optional', NULL, NULL, '2025-09-19 07:25:35.519', 1),
('23e30a9b-b5b8-4cc9-9553-b0470ac3d686', '6bdabf9dbd6fe647b755e43569e5eac80b68c42507b2a45527d70fc6c0328b8e', '2025-09-19 07:25:35.511', '20250915015111_add_special_ip_ranges_to_department', NULL, NULL, '2025-09-19 07:25:35.504', 1),
('2a63968d-e423-4727-9204-694f5c98d349', '0b2ae2267a7364b46e08e780b64df162878bd1b2785ebbc2d1af45d7e9dd8ccb', '2025-09-19 07:25:35.518', '20250918023322_add_leased_device_fields', NULL, NULL, '2025-09-19 07:25:35.512', 1),
('45a0453e-e181-4970-8c90-a9474cd96e9f', '4aec321e316c05e9ac829f8a66831b0a3bd2466fff4b524270253ce816dbea77', '2025-09-11 06:18:10.568', '20250911061810_update_user_contact_number', NULL, NULL, '2025-09-11 06:18:10.549', 1),
('4f0abb69-aef5-4b99-a53d-4c1aba0f6562', '6061eaf4f1bf88cda2c17607b1848c56fcef9086cbcc272ab8d96cd83f4e34fb', '2025-09-19 08:41:00.998', '20250919084100_npx_prisma_generate', NULL, NULL, '2025-09-19 08:41:00.898', 1),
('8acbd086-9e9c-4ffa-b042-0e832f37dd70', '12c8a16e51a01a22743341b8c530570390c8b26c937f56c614862676fa5ea7d9', '2025-09-03 07:09:22.370', '20250903070922_add_notes_to_device', NULL, NULL, '2025-09-03 07:09:22.343', 1),
('8d82b338-b71c-4afc-9abc-0331f89dd021', '6bdabf9dbd6fe647b755e43569e5eac80b68c42507b2a45527d70fc6c0328b8e', '2025-09-15 01:51:11.116', '20250915015111_add_special_ip_ranges_to_department', NULL, NULL, '2025-09-15 01:51:11.100', 1),
('931b17d0-9450-48fc-8cc1-abea460d02f0', '3ab0a4b447fc51a9b16193f483c2aaecc87644e810a26484bee25dbe44dfbabf', '2025-09-19 07:25:35.432', '20250829041308_init', NULL, NULL, '2025-09-19 07:25:34.826', 1),
('a75d74cf-62a0-40d1-b6d7-eb036d04bf66', '3ab0a4b447fc51a9b16193f483c2aaecc87644e810a26484bee25dbe44dfbabf', '2025-08-29 07:37:25.606', '20250829041308_init', NULL, NULL, '2025-08-29 07:37:25.038', 1),
('d877faa1-320b-43e0-9716-e987538cb95e', 'ab17cda6c2bd598df587b98830bf919d7d09ec342cd92cc52760974f50f76888', '2025-09-19 07:25:35.467', '20250829050034_add_admin_model', NULL, NULL, '2025-09-19 07:25:35.434', 1),
('db1f82ed-2e3a-4297-9eea-643fa5c396f4', 'c54a6d72c3e1d332b4c32aa959a2da10104f1b5f398ccf50497fff13ca57398d', '2025-09-19 07:25:35.663', '20250918032154_make_macaddress_optional', NULL, NULL, '2025-09-19 07:25:35.626', 1);

--
-- Indexes for dumped tables
--

--
-- Indexes for table `admin`
--
ALTER TABLE `admin`
  ADD PRIMARY KEY (`id`),
  ADD UNIQUE KEY `Admin_username_key` (`username`);

--
-- Indexes for table `department`
--
ALTER TABLE `department`
  ADD PRIMARY KEY (`id`),
  ADD UNIQUE KEY `Department_name_key` (`name`);

--
-- Indexes for table `device`
--
ALTER TABLE `device`
  ADD PRIMARY KEY (`id`),
  ADD UNIQUE KEY `Device_ipAddressId_key` (`ipAddressId`),
  ADD UNIQUE KEY `Device_serviceTag_key` (`serviceTag`),
  ADD UNIQUE KEY `Device_macAddress_key` (`macAddress`),
  ADD KEY `Device_departmentId_fkey` (`departmentId`),
  ADD KEY `Device_divisionId_fkey` (`divisionId`),
  ADD KEY `Device_userId_fkey` (`userId`);

--
-- Indexes for table `division`
--
ALTER TABLE `division`
  ADD PRIMARY KEY (`id`),
  ADD UNIQUE KEY `Division_name_departmentId_key` (`name`,`departmentId`),
  ADD KEY `Division_departmentId_fkey` (`departmentId`);

--
-- Indexes for table `ipaddress`
--
ALTER TABLE `ipaddress`
  ADD PRIMARY KEY (`id`),
  ADD UNIQUE KEY `IpAddress_ipAddress_key` (`ipAddress`);

--
-- Indexes for table `user`
--
ALTER TABLE `user`
  ADD PRIMARY KEY (`id`),
  ADD UNIQUE KEY `User_username_key` (`username`);

--
-- Indexes for table `_prisma_migrations`
--
ALTER TABLE `_prisma_migrations`
  ADD PRIMARY KEY (`id`);

--
-- Constraints for dumped tables
--

--
-- Constraints for table `device`
--
ALTER TABLE `device`
  ADD CONSTRAINT `Device_departmentId_fkey` FOREIGN KEY (`departmentId`) REFERENCES `department` (`id`) ON DELETE SET NULL ON UPDATE CASCADE,
  ADD CONSTRAINT `Device_divisionId_fkey` FOREIGN KEY (`divisionId`) REFERENCES `division` (`id`) ON DELETE SET NULL ON UPDATE CASCADE,
  ADD CONSTRAINT `Device_ipAddressId_fkey` FOREIGN KEY (`ipAddressId`) REFERENCES `ipaddress` (`id`) ON UPDATE CASCADE,
  ADD CONSTRAINT `Device_userId_fkey` FOREIGN KEY (`userId`) REFERENCES `user` (`id`) ON DELETE SET NULL ON UPDATE CASCADE;

--
-- Constraints for table `division`
--
ALTER TABLE `division`
  ADD CONSTRAINT `Division_departmentId_fkey` FOREIGN KEY (`departmentId`) REFERENCES `department` (`id`) ON UPDATE CASCADE;
COMMIT;

/*!40101 SET CHARACTER_SET_CLIENT=@OLD_CHARACTER_SET_CLIENT */;
/*!40101 SET CHARACTER_SET_RESULTS=@OLD_CHARACTER_SET_RESULTS */;
/*!40101 SET COLLATION_CONNECTION=@OLD_COLLATION_CONNECTION */;
